time_s,power_w
7.970375008881092e-07,22.51
0.024675865017343313,22.51
0.04475085699232295,22.51
0.06496040703495964,22.51
0.08525992801878601,22.51
0.10549619403900579,22.51
0.12579273799201474,22.51
0.14598636998562142,22.51
0.16612020501634106,22.51
0.18620374001329765,22.51
0.20627103198785335,22.51
0.2264275799971074,22.51
0.2466398180113174,22.51
0.26694904500618577,22.51
0.28723882499616593,22.51
0.3074753470136784,22.51
0.3277196960407309,22.51
0.34797978901769966,22.51
0.3682530469959602,22.51
0.38859201699960977,22.51
0.4088890600251034,22.51
0.4291284389910288,22.51
0.4492718820110895,22.51
0.46943141298834234,22.51
0.48968248401070014,22.51
0.5100079579860903,22.51
0.530311631038785,22.51
0.5504404189996421,22.51
0.5705684620188549,22.51
0.5908727429923601,22.51
0.6111005910206586,22.385
0.6312248290050775,22.385
0.6513465479947627,22.385
0.6715849229949526,22.385
0.691886410000734,22.385
0.7121315150288865,22.385
0.7322680550278164,22.385
0.7523872430319898,22.385
0.7725065959966742,22.385
0.7925829240120947,22.385
0.8128046269994229,22.385
0.8331336390110664,22.385
0.8534332580165938,22.385
0.8735564170056023,22.385
0.8936764360405505,22.385
0.9137801930191927,22.385
0.9338201170321554,22.385
0.9538929190021008,22.385
0.9739675440359861,22.385
0.9940355450380594,22.385
1.014103610010352,22.385
1.0341934069874696,22.385
1.054311691026669,22.385
1.0743898680084385,22.385
1.0944872010149993,22.385
1.1147650720085949,22.385
1.1350880159880035,22.385
1.1553774650092237,22.385
1.1757222120068036,22.385
1.1958580409991555,22.385
1.2160984509973787,22.385
1.2363886529929005,22.385
1.25667729601264,22.385
1.2769965369952843,22.385
1.297265793022234,22.385
1.3175563770346344,22.385
1.337869175011292,22.385
1.3581126040080562,22.385
1.3783318999921903,22.385
1.3985344750108197,22.385
1.4187732129939832,22.385
1.4390866510220803,22.385
1.4593777669942938,22.385
1.479665664024651,22.385
1.4999251930275932,22.385
1.5201818690402433,22.385
1.5403167229960673,22.385
1.5606483269948512,22.385
1.5809580950299278,22.385
1.6012267580372281,22.385
1.6215379580389708,22.906
1.6416820909944363,22.906
1.6618483540369198,22.906
1.6821305470075458,22.906
1.7024091249913909,22.906
1.7225396879948676,22.906
1.74266756902216,22.906
1.7629871150129475,22.906
1.7831779810367152,22.906
1.8032992859953083,22.906
1.8234094970393926,22.906
1.8434848000179045,22.906
1.8636670020059682,22.906
1.8838422000408173,22.906
1.904008056037128,22.906
1.9241813030093908,22.906
1.9443493779981509,22.906
1.9645265259896405,22.906
1.9846960100112483,22.906
2.00478097202722,22.906
2.024855772033334,22.906
2.0449148500338197,22.906
2.0649731180164963,22.906
2.0850334180286154,22.906
2.1051453120307997,22.906
2.1253253250033595,22.906
2.1454837170313112,22.906
2.1656397210317664,22.906
2.1858059390215203,22.906
2.2059712880291045,22.906
2.2261461039888673,22.906
2.246315153024625,22.906
2.266482037026435,22.906
2.28664004500024,22.906
2.306794931006152,22.906
2.326954596035648,22.906
2.347111102018971,22.906
2.367310191038996,22.906
2.3873929399996996,22.906
2.4074648009845987,22.906
2.4275395160075277,22.906
2.4476170539855957,22.906
2.467682830989361,22.906
2.4877419720287435,22.906
2.5078032620367594,22.906
2.527864115021657,22.906
2.5479257790138945,22.906
2.568000846018549,22.906
2.588052080012858,22.906
2.608141486009117,23.09
2.6281984510133043,23.09
2.6482647550292313,23.09
2.6683487850241363,23.09
2.6884090949897654,23.09
2.7084682430140674,23.09
2.728528646985069,23.09
2.7485878280131146,23.09
2.7686491640051827,23.09
2.7887300479924306,23.09
2.8088105100323446,23.09
2.8288834629929624,23.09
2.848954491026234,23.09
2.869037488999311,23.09
2.8890991220250726,23.09
2.909158667025622,23.09
2.9292194310110062,23.09
2.9492811170057394,23.09
2.969433172023855,23.09
2.989608923031483,23.09
3.0097777650225908,23.09
3.029949463030789,23.09
3.050107143004425,23.09
3.0701758780051023,23.09
3.0902446680120192,23.09
3.1104050659923814,23.09
3.130568458000198,23.09
3.15073781600222,23.09
3.170925871003419,23.09
3.1911120010190643,23.09
3.2112727650091983,23.09
3.231491274025757,23.09
3.2518471439834684,23.09
3.2720791699830443,23.09
3.2922841510153376,23.09
3.3125003130408004,23.09
3.3327033440000378,23.09
3.352914690040052,23.09
3.373149759019725,23.09
3.3933694339939393,23.09
3.4135321939829737,23.09
3.4336918980116025,23.09
3.4538975530304015,23.09
3.474118673999328,23.09
3.4943394910078496,23.09
3.514558779017534,23.09
3.534771863021888,23.09
3.5549912090064026,23.09
3.5752316340222023,23.09
3.5954343249904923,23.09
3.61564014502801,27.286
3.6358441209886223,27.286
3.6560518119949847,27.286
3.6762533190194517,27.286
3.6964645420084707,27.286
3.7166659189970233,27.286
3.7368672500015236,27.286
3.7570948770153336,27.286
3.777305316005368,27.286
3.7975137860048562,27.286
3.8177197980112396,27.286
3.837927506014239,27.286
3.858134168025572,27.286
3.8783674869919196,27.286
3.8985689289984293,27.286
3.9187361340154894,27.286
3.9389388390118256,27.286
3.9591540840337984,27.286
3.979371124994941,27.286
3.999572988017462,27.286
4.019736613030545,27.286
4.039942337025423,27.286
4.060145610012114,27.286
4.0803560159984045,27.286
4.100560797029175,27.286
4.120765461993869,37.894
4.140977983013727,37.894
4.161202616000082,37.894
4.181412001024,37.894
4.201641160005238,37.894
4.221736052015331,37.894
4.241807860031258,37.894
4.261871619033627,37.894
4.282028807036113,37.894
4.302186318032909,37.894
4.322338436031714,37.894
4.342497228004504,37.894
4.362570186029188,37.894
4.3827183120301925,37.894
4.402788671024609,37.894
4.42293449601857,37.894
4.443095538998023,37.894
4.463166737987194,37.894
4.483327183988877,37.894
4.503483193984721,37.894
4.523634442011826,37.894
4.543742423993535,37.894
4.563893555023242,37.894
4.584059284010436,37.894
4.604125729994848,37.894
4.624190664035268,65.693
4.6443387839826755,65.693
4.664494127035141,65.693
4.684646943991538,65.693
4.704808549024165,65.693
4.724961236992385,65.693
4.745119341998361,65.693
4.765208222030196,65.693
4.785379320033826,65.693
4.805451782012824,65.693
4.825522081984673,65.693
4.845632738026325,65.693
4.865783705026843,65.693
4.885892143007368,65.693
4.906046966032591,65.693
4.926125264028087,65.693
4.946288681996521,65.693
4.966450851992704,65.693
4.986515332013369,65.693
5.006577901018318,65.693
5.026647288003005,65.693
5.04681123199407,65.693
5.066927038016729,65.693
5.087079404038377,65.693
5.10725740500493,65.682
5.127413801033981,65.682
5.147486556030344,65.682
5.16755190002732,65.682
5.187698608031496,65.682
5.207770362030715,65.682
5.227927013009321,65.682
5.248086298000999,65.682
5.268246820021886,65.682
5.2883960690232925,65.682
5.308465498033911,65.682
5.328529660007916,65.682
5.34859258600045,65.682
5.368737940036226,65.682
5.388891387032345,65.682
5.40905873500742,65.682
5.429236330033746,65.682
5.4493062710389495,65.682
5.469370617007371,65.682
5.48951731499983,65.682
5.509672596992459,65.682
5.529832336003892,65.682
5.54998729302315,65.682
5.570139845018275,65.682
5.590296932030469,65.682
5.610461553034838,65.644
5.630614346999209,65.644
5.6507689009886235,65.644
5.670856875018217,65.644
5.691047725034878,65.644
5.711210985027719,65.644
5.731229153985623,65.644
5.75137694098521,65.644
5.771529107005335,65.644
5.791599144984502,65.644
5.811659966013394,65.644
5.831724938994739,65.644
5.8518763380125165,65.644
5.8720432500122115,65.644
5.892145902034827,65.644
5.912208678026218,65.644
5.932353563024662,65.644
5.952505411987659,65.644
5.97266462398693,65.644
5.992777120030951,65.644
6.012839055038057,65.644
6.032908161985688,65.644
6.053075945994351,65.644
6.073230899986811,65.644
6.093383680039551,65.644
6.113452671037521,65.622
6.133595831983257,65.622
6.153668543032836,65.622
6.173739537014626,65.622
6.193903831997886,65.622
6.214085553016048,65.622
6.2342675880063325,65.622
6.254428102984093,65.622
6.274721648020204,65.622
6.294969126989599,65.622
6.315138421021402,65.622
6.335297360026743,65.622
6.3554585730307736,65.622
6.375616770004854,65.622
6.395778453035746,65.622
6.415847612021025,65.622
6.435958907008171,65.622
6.456156236003153,65.622
6.476339419023134,65.622
6.496497330022976,65.622
6.516570336010773,65.622
6.536725115031004,65.622
6.556877134018578,65.622
6.577040454023518,65.622
6.5971960030146874,65.622
6.617353946028743,65.625
6.637510303000454,65.625
6.657664822007064,65.625
6.6778188070165925,65.625
6.697969630011357,65.625
6.718131027009804,65.625
6.7382924380362965,65.625
6.7584532360197045,65.625
6.77861216198653,65.625
6.798764375038445,65.625
6.818923266022466,65.625
6.83907777199056,65.625
6.859149846015498,65.625
6.8793056170106865,65.625
6.899454919039272,65.625
6.919521855015773,65.625
6.939594280032907,65.625
6.9597512790351175,65.625
6.979899391008075,65.625
7.000068535038736,65.625
7.0202362590353005,65.625
7.040310227021109,65.625
7.060460962995421,65.625
7.080616616003681,65.625
7.100703233038075,65.625
7.1208633910282515,65.756
7.1410268530016765,65.756
7.161193169013131,65.756
7.18126719299471,65.756
7.201331455027685,65.756
7.221483191999141,65.756
7.241634359990712,65.756
7.26178602402797,65.756
7.2819368109921925,65.756
7.302098009036854,65.756
7.322251791018061,65.756
7.342323411023244,65.756
7.362471087020822,65.756
7.3826207899837755,65.756
7.402775283029769,65.756
7.422925984021276,65.756
7.443085596023593,65.756
7.463247826031875,65.756
7.483406102983281,65.756
7.503560330020264,65.756
7.523710103996564,65.756
7.543877716991119,65.756
7.564044421014842,65.756
7.584193379036151,65.756
7.604346598032862,65.756
7.624508225999307,65.821
7.644659724028315,65.821
7.66472642699955,65.821
7.684799057024065,65.821
7.704969409038313,65.821
7.725150360027328,65.821
7.745325967029203,65.821
7.765475175983738,65.821
7.785624004027341,65.821
7.8057851769845,65.821
7.825937758025248,65.821
7.846105600008741,65.821
7.866261181014124,65.821
7.886413801985327,65.821
7.90656938002212,65.821
7.92672611202579,65.821
7.9468858310137875,65.821
7.967059586022515,65.821
7.987220005015843,65.821
8.007375209010206,65.821
8.027522468008101,65.821
8.047669248015154,65.821
8.067756236996502,65.821
8.087848515016958,65.821
8.108007658040151,65.828
8.128165310015902,65.828
8.148324186040554,65.828
8.168477719998918,65.828
8.188629282987677,65.828
8.208790611999575,65.828
8.22894958400866,65.828
8.249108321033418,65.828
8.269268365984317,65.828
8.289425679016858,65.828
8.30957846203819,65.828
8.329739062988665,65.828
8.349896637024358,65.828
8.370053008024115,65.828
8.390212765021715,65.828
8.410285090038087,65.828
8.430351611983497,65.828
8.450524977000896,65.828
8.47070291399723,65.828
8.490851090988144,65.828
8.511004830012098,65.828
8.531158950994723,65.828
8.551319429010618,65.828
8.571482454019133,65.828
8.591634039999917,65.828
8.611787068017293,65.581
8.631946609995794,65.581
8.652109880989883,65.581
8.672268835012801,65.581
8.692421924031805,65.581
8.71259396703681,65.581
8.732766802015249,65.581
8.75293347198749,65.581
8.773089477035683,65.581
8.79323861602461,65.581
8.813395400997251,65.581
8.833554873010144,65.581
8.853716521000024,65.581
8.873872645024676,65.581
8.894046175992116,65.581
8.9141919289832,65.581
8.934352070034947,65.581
8.95451608399162,65.581
8.974683107982855,65.581
8.994841412990354,65.581
9.014970985008404,65.581
9.035140325024258,65.581
9.055307448026724,65.581
9.075473386037629,65.581
9.095638398022857,65.581
9.115803049004171,65.471
9.135955536039546,65.471
9.156112548022065,65.471
9.176262170018163,65.471
9.196423873014282,65.471
9.216590889031067,65.471
9.236749598989263,65.471
9.256901959015522,65.471
9.276988509984221,65.471
9.297097806003876,65.471
9.317260379029904,65.471
9.337406206992455,65.471
9.357478649995755,65.471
9.377628163027111,65.471
9.397792170988396,65.471
9.417944969027303,65.471
9.438098301994614,65.471
9.458169188001193,65.471
9.47832756198477,65.471
9.498480746988207,65.471
9.518635865009855,65.471
9.538785832002759,65.471
9.558950492995791,65.471
9.579104306001682,65.471
9.599257984024007,65.471
9.619414550019428,65.362
9.639566708996426,65.362
9.659725129022263,65.362
9.679894328990486,65.362
9.700052443018649,65.362
9.720196148031391,65.362
9.74035516398726,65.362
9.760439031990245,65.362
9.780614144983701,65.362
9.80078962200787,65.362
9.820943190017715,65.362
9.841092401999049,65.362
9.861252696020529,65.362
9.881408652989194,65.362
9.901582057995256,65.362
9.921700345992576,65.362
9.941856253019068,65.362
9.96192675299244,65.362
9.982075668987818,65.362
10.002229480014648,65.362
10.022377584013157,65.362
10.042532388004474,65.362
10.06269162899116,65.362
10.082848148013,65.362
10.10300882300362,65.362
10.123166495992336,65.301
10.143312363012228,65.301
10.163466892030556,65.301
10.183624400000554,65.301
10.20378288498614,65.301
10.223934895999264,65.301
10.244087742990814,65.301
10.264184330007993,65.301
10.284342298982665,65.301
10.3045040720026,65.301
10.32466572499834,65.301
10.344825467036571,65.301
10.364950230985414,65.301
10.385116402991116,65.301
10.4052750649862,65.301
10.425427602021955,65.301
10.445610300987028,65.301
10.465776311000809,65.301
10.485936450015288,65.301
10.506088217021897,65.301
10.52625163801713,65.301
10.546402927022427,65.301
10.566558633989189,65.301
10.586716569028795,65.301
10.606870880001225,65.418
10.627045034023467,65.418
10.647192183008883,65.418
10.667360022023786,65.418
10.687512283038814,65.418
10.707602854992729,65.418
10.727757834014483,65.418
10.7479194420157,65.418
10.768069028039463,65.418
10.788231044018175,65.418
10.808304404024966,65.418
10.828449486987665,65.418
10.848605881037656,65.418
10.868766631989274,65.418
10.888922924990766,65.418
10.909081786987372,65.418
10.92923652601894,65.418
10.949386689986568,65.418
10.969547390006483,65.418
10.989619058032986,65.418
11.009684480028227,65.418
11.029843592026737,65.418
11.050001777999569,65.418
11.070164155040402,65.418
11.090262627985794,65.418
11.110328951035626,65.641
11.130400941998232,65.641
11.150471650995314,65.641
11.170554417010862,65.641
11.190724009007681,65.641
11.210831597039942,65.641
11.230984929017723,65.641
11.251139655010775,65.641
11.27129555598367,65.641
11.291448742034845,65.641
11.311521064024419,65.641
11.331675961031578,65.641
11.351833695021924,65.641
11.37198149098549,65.641
11.39214065001579,65.641
11.412337238027249,65.641
11.432509657985065,65.641
11.45267240103567,65.641
11.472850973019376,65.641
11.493010263016913,65.641
11.513140314025804,65.641
11.533297763031442,65.641
11.55345585703617,65.641
11.5736115660402,65.641
11.593768493039533,65.641
11.613935635017697,65.826
11.634085264988244,65.826
11.65423834399553,65.826
11.67439572600415,65.826
11.69455132103758,65.826
11.714714293018915,65.826
11.734869195031933,65.826
11.755014544003643,65.826
11.775167262996547,65.826
11.795234408986289,65.826
11.81538826203905,65.826
11.835550055024214,65.826
11.855713747034315,65.826
11.875881885993294,65.826
11.896043838001788,65.826
11.91618948901305,65.826
11.93634578899946,65.826
11.956499046995305,65.826
11.976664519985206,65.826
11.996779613022227,65.826
12.016843980003614,65.826
12.036912468029186,65.826
12.05705801100703,65.826
12.077213103009854,65.826
12.09732250700472,65.826
12.117494262987748,65.739
12.137664735026192,65.739
12.157828516035806,65.739
12.177987209986895,65.739
12.198143705027178,65.739
12.218299330037553,65.739
12.238408467033878,65.739
12.258558002999052,65.739
12.278720533009619,65.739
12.29883795499336,65.739
12.318985942984,65.739
12.339138019015081,65.739
12.35923320701113,65.739
12.37942590500461,65.739
12.399597401032224,65.739
12.419762701028958,65.739
12.439906807034276,65.739
12.460054257011507,65.739
12.48020870500477,65.739
12.500280275009573,65.739
12.52043042902369,65.739
12.540501356997993,65.739
12.560699434019625,65.739
12.580775380018167,65.739
12.600924784026574,65.739
12.620994767989032,65.78
12.64105647202814,65.78
12.661197856999934,65.78
12.68136087799212,65.78
12.701521482027601,65.78
12.721680329006631,65.78
12.741840328031685,65.78
12.761927207990084,65.78
12.782009049027693,65.78
12.802060063986573,65.78
12.822146309015807,65.78
12.842251560010482,65.78
12.862399225006811,65.78
12.882470394019037,65.78
12.902617703017313,65.78
12.922688547987491,65.78
12.942840187984984,65.78
12.963000140036456,65.78
12.983143015997484,65.78
13.003231206035707,65.78
13.023299552034587,65.78
13.043382544012275,65.78
13.063468643988017,65.78
13.08352989301784,65.78
13.10359396704007,65.78
13.123666055034846,65.936
13.1438176400261,65.936
13.163973918999545,65.936
13.184074994991533,65.936
13.204172584984917,65.936
13.224238561000675,65.936
13.244323769002222,65.936
13.264488906017505,65.936
13.284645489009563,65.936
13.304815943003632,65.936
13.324935564014595,65.936
13.345090207993053,65.936
13.36524457402993,65.936
13.385400498984382,65.936
13.405553854012396,65.936
13.425723839027341,65.936
13.445881674997509,65.936
13.466045818990096,65.936
13.486194494995289,65.936
13.506352821015753,65.936
13.526511667005252,65.936
13.54662699601613,65.936
13.566736349021085,65.936
13.58690407400718,65.936
13.607070669007953,65.853
13.627221793984063,65.853
13.647290811990388,65.853
13.667351148033049,65.853
13.687413806037512,65.853
13.707571217033546,65.853
13.727745081007015,65.853
13.747820179036353,65.853
13.767932201037183,65.853
13.788082520011812,65.853
13.808157518040389,65.853
13.828306396026164,65.853
13.848466591036413,65.853
13.868624171998817,65.853
13.88878797198413,65.853
13.90894669201225,65.853
13.929102044028696,65.853
13.949263070011511,65.853
13.969422155991197,65.853
13.989538824011106,65.853
14.009690398001112,65.853
14.029803803015966,65.853
14.049911172012798,65.853
14.070071961032227,65.853
14.090097184991464,65.853
14.110249046992976,65.709
14.130318262032233,65.709
14.150381151004694,65.709
14.170445061987266,65.709
14.190509350039065,65.709
14.210611639020499,65.709
14.23076696001226,65.709
14.25087818398606,65.709
14.27102341898717,65.709
14.291178865008987,65.709
14.311247705016285,65.709
14.331311821995769,65.709
14.351459227036685,65.709
14.371623674989678,65.709
14.391780172998551,65.709
14.411933542985935,65.709
14.4320853780373,65.709
14.452240966027603,65.709
14.472405095992144,65.709
14.492554438009392,65.709
14.512715079006739,65.709
14.532880918995943,65.709
14.55305736704031,65.709
14.573237659002189,65.709
14.59339552099118,65.709
14.613557011994999,65.793
14.633757317031268,65.793
14.653915743983816,65.793
14.674100236035883,65.793
14.694254070986062,65.793
14.714410968997981,65.793
14.734483264037408,65.793
14.754635713004973,65.793
14.774807326029986,65.793
14.794957378006075,65.793
14.815122493018862,65.793
14.835282529995311,65.793
14.855434507015161,65.793
14.875596444995608,65.793
14.895753794990014,65.793
14.915916363010183,65.793
14.9360813240055,65.793
14.956237707985565,65.793
14.976389814983122,65.793
14.996545829984825,65.793
15.016707458999008,65.793
15.036871212010738,65.793
15.057028726034332,65.793
15.077183009998407,65.793
15.097345654037781,65.793
15.117501337022986,65.719
15.137657336017583,65.719
15.157820824009832,65.719
15.177977111015934,65.719
15.198143513000105,65.719
15.218298420018982,65.719
15.238458606007043,65.719
15.258631905016955,65.719
15.278805849025957,65.719
15.298973080003634,65.719
15.319148756039795,65.719
15.339316300989594,65.719
15.359475166012999,65.719
15.379632064024918,65.719
15.399916244030464,65.719
15.4201184239937,65.719
15.440271114988718,65.719
15.460342367994599,65.719
15.480502401012927,65.719
15.500666203035507,65.719
15.520832393027376,65.719
15.541001609992236,65.719
15.561150779016316,65.719
15.581302615988534,65.719
15.601469647022896,65.719
15.621626635023858,65.758
15.64174302603351,65.758
15.661895568016917,65.758
15.682051755022258,65.758
15.702202930988278,65.758
15.72235625499161,65.758
15.7425201649894,65.758
15.762684385990724,65.758
15.78285182203399,65.758
15.803010723029729,65.758
15.823204057000112,65.758
15.843355977034662,65.758
15.863519803038798,65.758
15.883672879019286,65.758
15.903828055015765,65.758
15.923985547036864,65.758
15.944151003030129,65.758
15.96432458102936,65.758
15.984509402012918,65.758
16.004665826039854,65.758
16.024820991035085,65.758
16.044972972013056,65.758
16.065127554989886,65.758
16.085196100990288,65.758
16.105350053985603,65.783
16.125505850999616,65.783
16.145662093011197,65.783
16.16585277603008,65.783
16.186005468014628,65.783
16.206163139024284,65.783
16.22631400503451,65.783
16.246470613987185,65.783
16.266626909025945,65.783
16.28674674598733,65.783
16.306896389985923,65.783
16.32705665100366,65.783
16.347211463027634,65.783
16.367373763991054,65.783
16.387525352998637,65.783
16.407681322016288,65.783
16.42784213303821,65.783
16.448000740027055,65.783
16.46816032100469,65.783
16.488319670024794,65.783
16.508387812995352,65.783
16.528536786034238,65.783
16.54872289398918,65.783
16.568889859016053,65.783
16.58905585500179,65.783
16.60921263601631,65.808
16.62935582001228,65.808
16.649517435987946,65.808
16.669676646997686,65.808
16.689833048032597,65.808
16.709998984995764,65.808
16.73016902798554,65.808
16.750319234037306,65.808
16.77047212002799,65.808
16.790638203034177,65.808
16.810785403009504,65.808
16.830937432008795,65.808
16.85109010001179,65.808
16.87124050100101,65.808
16.891403257031925,65.808
16.911565391987097,65.808
16.93171843700111,65.808
16.951877625018824,65.808
16.97204789100215,65.808
16.99219819100108,65.808
17.01235541701317,65.808
17.032509527984075,65.808
17.05268355400767,65.808
17.072833229030948,65.808
17.092997386003844,65.808
17.11315154301701,65.908
17.133303072012495,65.908
17.15346026798943,65.908
17.173623784037773,65.908
17.193788448988926,65.908
17.21395801199833,65.908
17.23411863500951,65.908
17.254279963031877,65.908
17.274444924027193,65.908
17.29460616200231,65.908
17.31475992500782,65.908
17.3349145980319,65.908
17.355069430021103,65.908
17.37523606501054,65.908
17.395392453006934,65.908
17.41554473299766,65.908
17.435613646986894,65.908
17.455678076017648,65.908
17.47583319299156,65.908
17.495989543036558,65.908
17.516143637010828,65.908
17.53629495401401,65.908
17.55645616701804,65.908
17.576617537008133,65.908
17.596784906985704,65.908
17.616942120017484,65.86
17.63710277300561,65.86
17.657257091021165,65.86
17.67741596401902,65.86
17.697570662014186,65.86
17.71774056099821,65.86
17.737890183983836,65.86
17.758060033025686,65.86
17.778208831034135,65.86
17.798371821991168,65.86
17.818451842991635,65.86
17.83852058899356,65.86
17.85863266600063,65.86
17.878788191010244,65.86
17.898901402018964,65.86
17.91896576003637,65.86
17.93902844103286,65.86
17.959100219013635,65.86
17.97925913898507,65.86
17.999420072010253,65.86
18.019571188022383,65.86
18.03973264200613,65.86
18.05980577704031,65.86
18.079874464019667,65.86
18.099939197010826,65.86
18.11999812099384,67.408
18.140141987008974,67.408
18.160209632012993,67.408
18.18027107301168,67.408
18.20033936802065,67.408
18.22049879602855,67.408
18.240650164021645,67.408
18.260677998012397,67.408
18.280763524991926,67.408
18.30084146000445,67.408
18.320897897996474,67.408
18.340959861001465,67.408
18.361115142994095,67.408
18.38127493200591,67.408
18.401391136983875,67.408
18.421455431031063,67.408
18.441607077023946,67.408
18.461678654013667,67.408
18.481742003990803,67.408
18.50180313299643,67.408
18.52187271899311,67.408
18.54196345101809,67.408
18.56203216902213,67.408
18.582103130000178,67.408
18.602264907036442,67.408
18.622417440987192,68.061
18.642587697017007,68.061
18.662755787023343,68.061
18.6829159919871,68.061
18.70307057298487,68.061
18.72314864001237,68.061
18.743326460011303,68.061
18.763478642038535,68.061
18.783668333024252,68.061
18.803828798991162,68.061
18.823995003011078,68.061
18.84416641498683,68.061
18.86432655103272,68.061
18.884487734001596,68.061
18.904644688009284,68.061
18.92480819101911,68.061
18.9449665400316,68.061
18.965124860988,68.061
18.98527828103397,68.061
19.005452941986732,68.061
19.025606202019844,68.061
19.045761151995976,68.061
19.065837228030432,68.061
19.08595271402737,68.061
19.106144046992995,66.892
19.126303249038756,66.892
19.146458639006596,66.892
19.1665253440151,66.892
19.18668244802393,66.892
19.206849427020643,66.892
19.22701044299174,66.892
19.24712743301643,66.892
19.267195538035594,66.892
19.287276468996424,66.892
19.307449713989627,66.892
19.327606186037883,66.892
19.34776574303396,66.892
19.367935263027903,66.892
19.38809591101017,66.892
19.4082540810341,66.892
19.42840931902174,66.892
19.448559321986977,66.892
19.468726709019393,66.892
19.488889590022154,66.892
19.50906513800146,66.892
19.529217083996627,66.892
19.54937618499389,66.892
19.56952746101888,66.892
19.589693407993764,66.892
19.60986609500833,66.348
19.63001930300379,66.348
19.650127148022875,66.348
19.670283674029633,66.348
19.690438619989436,66.348
19.710599304991774,66.348
19.730757331999484,66.348
19.75092300400138,66.348
19.771078097983263,66.348
19.79123144201003,66.348
19.811380552011542,66.348
19.831534188007936,66.348
19.851692759024445,66.348
19.871851212985348,66.348
19.892045976012014,66.348
19.91219361202093,66.348
19.932263422000688,66.348
19.95241139503196,66.348
19.97256721102167,66.348
19.99269327300135,66.348
20.01284352102084,66.348
20.032960543001536,66.348
20.053145749028772,66.348
20.073326546989847,66.348
20.09348217601655,66.348
20.11365311802365,66.467
20.13376686203992,66.467
20.1539144780254,66.467
20.174069010012317,66.467
20.194224186998326,66.467
20.214373524009716,66.467
20.234522312995978,66.467
20.25467670999933,66.467
20.274838382028975,66.467
20.295002610015217,66.467
20.31515145598678,66.467
20.33521779102739,66.467
20.355366773030255,66.467
20.37551965098828,66.467
20.39567956002429,66.467
20.415868784999475,66.467
20.436025569040794,66.467
20.456134195032064,66.467
20.476260695024393,66.467
20.49641437298851,66.467
20.516589318984188,66.467
20.536749480990693,66.467
20.55690703599248,66.467
20.577066297002602,66.467
20.597215084009804,66.467
20.617368560982868,66.355
20.63752479798859,66.355
20.65768077800749,66.355
20.677835921989754,66.355
20.69799676601542,66.355
20.718159104988445,66.355
20.73832903499715,66.355
20.75849117798498,66.355
20.778644595004153,66.355
20.798805534024723,66.355
20.81895473698387,66.355
20.839106191007886,66.355
20.85925977403531,66.355
20.879410327994265,66.355
20.89956886903383,66.355
20.919713745999616,66.355
20.939877376018558,66.355
20.960050648020115,66.355
20.98021231003804,66.355
21.000367471016943,66.355
21.02051827701507,66.355
21.040667333989404,66.355
21.06078538298607,66.355
21.080934606026858,66.355
21.101091002987232,66.355
21.121249752002768,66.396
21.14139924402116,66.396
21.161552336008754,66.396
21.181713372003287,66.396
21.20182985602878,66.396
21.221983925031964,66.396
21.242130060039926,66.396
21.262280744034797,66.396
21.28244345303392,66.396
21.302607360004913,66.396
21.322761858988088,66.396
21.342917311005294,66.396
21.363072476000525,66.396
21.38322367402725,66.396
21.403380542004015,66.396
21.42353340203408,66.396
21.44369381503202,66.396
21.463863816985395,66.396
21.484022605989594,66.396
21.50418670102954,66.396
21.52433690900216,66.396
21.54449191800086,66.396
21.564672478009015,66.396
21.584839028015267,66.396
21.605003826029133,66.435
21.62515960499877,66.435
21.645311353029683,66.435
21.665466512029525,66.435
21.685624218021985,66.435
21.705783262033947,66.435
21.72593194601359,66.435
21.74608753999928,66.435
21.766246939019766,66.435
21.78639063501032,66.435
21.806540096004028,66.435
21.826703011000063,66.435
21.846862983016763,66.435
21.86702486802824,66.435
21.887184037012048,66.435
21.907338133023586,66.435
21.92749576101778,66.435
21.947665537998546,66.435
21.967824375024065,66.435
21.987984100007452,66.435
22.008141042024363,66.435
22.028210844029672,66.435
22.0483575600083,66.435
22.068522909015883,66.435
22.088675104023423,66.435
22.10883698699763,66.51
22.128989858028945,66.51
22.149154648999684,66.51
22.169314828992356,66.51
22.189467030984815,66.51
22.209622511989437,66.51
22.229781426023692,66.51
22.249954623985104,66.51
22.27011542598484,66.51
22.290272410027683,66.51
22.310452845995314,66.51
22.330608877993654,66.51
22.350766532006674,66.51
22.370929147000425,66.51
22.391078960034065,66.51
22.411255554005038,66.51
22.431410638033412,66.51
22.45148084498942,66.51
22.47162627801299,66.51
22.491783517005388,66.51
22.51193932699971,66.51
22.53210426599253,66.51
22.552255888003856,66.51
22.57240860600723,66.51
22.59247996902559,66.51
22.612545648007654,66.505
22.6326994280098,66.505
22.652861337002832,66.505
22.673020227986854,66.505
22.69316908303881,66.505
22.713321654009633,66.505
22.733474906999618,66.505
22.753626407997217,66.505
22.773785540019162,66.505
22.79394040099578,66.505
22.81400874699466,66.505
22.834104549023323,66.505
22.854198310000356,66.505
22.8742847199901,66.505
22.894358923018444,66.505
22.91452735301573,66.505
22.93470972403884,66.505
22.954870385001414,66.505
22.97506083501503,66.505
22.99520893499721,66.505
23.015359640994575,66.505
23.035515064024366,66.505
23.055673155991826,66.505
23.075745337991975,66.505
23.095815239998046,66.505
23.115967971039936,66.463
23.136122893018182,66.463
23.156280309020076,66.463
23.176431860018056,66.463
23.196584543038625,66.463
23.216740075033158,66.463
23.236809419002384,66.463
23.256963244988583,66.463
23.2771141550038,66.463
23.297271833987907,66.463
23.317428832000587,66.463
23.337590106995776,66.463
23.35775459901197,66.463
23.377948453999124,66.463
23.39809700503247,66.463
23.41825752001023,66.463
23.438421664002817,66.463
23.45849139598431,66.463
23.478565964032896,66.463
23.49872526503168,66.463
23.51888487103861,66.463
23.539055833010934,66.463
23.559204794990364,66.463
23.57935988699319,66.463
23.59950721898349,66.463
23.61966092401417,66.538
23.639821210992523,66.538
23.65998109098291,66.538
23.68013652099762,66.538
23.70029540802352,66.538
23.720448668987956,66.538
23.740519769024104,66.538
23.76067403703928,66.538
23.780833831988275,66.538
23.800989315030165,66.538
23.821149683033582,66.538
23.841306839021854,66.538
23.861458156025037,66.538
23.881605449016206,66.538
23.901761872984935,66.538
23.921842691022903,66.538
23.942001860006712,66.538
23.96215471503092,66.538
23.982334854023065,66.538
24.002484255004674,66.538
24.022643855016213,66.538
24.042806482000742,66.538
24.062968367012218,66.538
24.08313017798355,66.538
24.10319671902107,66.538
24.123349427012727,66.543
24.143514160008635,66.543
24.163661155034788,66.543
24.18373175902525,66.543
24.20382316102041,66.543
24.223989807011094,66.543
24.24414564203471,66.543
24.26430514000822,66.543
24.284473681997042,66.543
24.3046316219843,66.543
24.324790274025872,66.543
24.344952790008392,66.543
24.365108167985454,66.543
24.385260534996632,66.543
24.405419624992646,66.543
24.42557351803407,66.543
24.445737039030064,66.543
24.465895448985975,66.543
24.48606937204022,66.543
24.50612404901767,66.543
24.526274351985194,66.543
24.546425201988313,66.543
24.566579984035343,66.543
24.586735346005298,66.543
24.606855452002492,66.634
24.627007470000535,66.634
24.647173501027282,66.634
24.667331675998867,66.634
24.687496915983502,66.634
24.707673450000584,66.634
24.727832295000553,66.634
24.747988810995594,66.634
24.768162227992434,66.634
24.78831432503648,66.634
24.808465531037655,66.634
24.828625288035255,66.634
24.84878724301234,66.634
24.868947293027304,66.634
24.889096428989433,66.634
24.909251220989972,66.634
24.92940941802226,66.634
24.94955817499431,66.634
24.969717340019997,66.634
24.989904280984774,66.634
25.01005558599718,66.634
25.030206463998184,66.634
25.05035852099536,66.634
25.070511113037355,66.634
25.09066071000416,66.634
25.110820055997465,66.601
25.13099127402529,66.601
25.151149657031056,66.601
25.171304493036587,66.601
25.191458603017963,66.601
25.21161271299934,66.601
25.231779766036198,66.601
25.251931261038408,66.601
25.272103517025243,66.601
25.292258967994712,66.601
25.31240705703385,66.601
25.332562531984877,66.601
25.352680700016208,66.601
25.37284925102722,66.601
25.392996304028202,66.601
25.413150609005243,66.601
25.433219899015967,66.601
25.453284637012985,66.601
25.4734406460193,66.601
25.493585088988766,66.601
25.5137380239903,66.601
25.533853961038403,66.601
25.553961567988154,66.601
25.574141568038613,66.601
25.594337275018916,66.601
25.61448552098591,66.475
25.634651231986936,66.475
25.654816118010785,66.475
25.674970315012615,66.475
25.695124133024365,66.475
25.71527501003584,66.475
25.73534302803455,66.475
25.755489148024935,66.475
25.775640820036642,66.475
25.795795669022482,66.475
25.815954013029113,66.475
25.8361047070357,66.475
25.856254844984505,66.475
25.87641046300996,66.475
25.896564517985098,66.475
25.916718663997017,66.475
25.936887782998383,66.475
25.95705895300489,66.475
25.97720816702349,66.475
25.99736631003907,66.475
26.01751337503083,66.475
26.03766470402479,66.475
26.05782944202656,66.475
26.07798314501997,66.475
26.098152987018693,66.475
26.118316139036324,66.372
26.13838835101342,66.372
26.158535170019604,66.372
26.17869210598292,66.372
26.198861716024112,66.372
26.21901360503398,66.372
26.239170139015187,66.372
26.259329968015663,66.372
26.279488807020243,66.372
26.299662864999846,66.372
26.319817162002437,66.372
26.33997208601795,66.372
26.36013784003444,66.372
26.380290297034662,66.372
26.400448590982705,66.372
26.42060167499585,66.372
26.440771278983448,66.372
26.46092950500315,66.372
26.48108763998607,66.372
26.501248278014828,66.372
26.52140214300016,66.372
26.54154574603308,66.372
26.561701033031568,66.372
26.58186369703617,66.372
26.601933775004,66.372
26.62208558002021,66.292
26.642241430003196,66.292
26.662403624039143,66.292
26.68247354903724,66.292
26.70253823103849,66.292
26.722690675989725,66.292
26.74285039200913,66.292
26.763001405983232,66.292
26.78308011899935,66.292
26.80312895803945,66.292
26.82328489702195,66.292
26.84343773301225,66.292
26.863590711029246,66.292
26.883753115020227,66.292
26.903906493040267,66.292
26.924064019985963,66.292
26.944219066994265,66.292
26.964365677034948,66.292
26.98451814899454,66.292
27.00467686803313,66.292
27.02483847300755,66.292
27.045021725993138,66.292
27.065118646016344,66.292
27.085267591988668,66.292
27.105424282024615,66.292
27.125575361016672,66.292
27.145730260002892,66.292
27.16589008102892,66.292
27.186062516993843,66.292
27.206211342010647,66.292
27.22636562702246,66.292
27.246513091027737,66.292
27.26666673400905,66.292
27.286829063028563,66.292
27.306989094999153,66.292
27.32713748299284,66.292
27.347291381040122,66.292
27.367365015030373,66.292
27.387522225035354,66.292
27.40770101203816,66.292
27.427869556006044,66.292
27.448057450004853,66.292
27.468202230986208,66.292
27.48835117300041,66.292
27.508507759019267,66.292
27.52866668900242,66.292
27.548827541002538,66.292
27.56898416002514,66.292
27.589038478035945,66.292
27.609125655028038,66.412
27.62929625698598,66.412
27.64938128303038,66.412
27.669533682987094,66.412
27.689701693016104,66.412
27.709863601019606,66.412
27.73002360604005,66.412
27.75018130702665,66.412
27.770335474982858,66.412
27.79049381398363,66.412
27.810650836036075,66.412
27.83081413502805,66.412
27.850938880001195,66.412
27.871122664015274,66.412
27.891285173012875,66.412
27.911447321996093,66.412
27.93161453702487,66.412
27.951686193002388,66.412
27.971799369028304,66.412
27.991953630989883,66.412
28.012123798020184,66.412
28.032282643020153,66.412
28.05235013901256,66.412
28.072412682988215,66.412
28.09248342300998,66.412
28.112638031016104,66.491
28.132802382984664,66.491
28.152964448032435,66.491
28.173119348008186,66.491
28.193266726040747,66.491
28.213437448022887,66.491
28.233586696034763,66.491
28.253743760986254,66.491
28.273905724985525,66.491
28.294060184038244,66.491
28.314213878999,66.491
28.3343621789827,66.491
28.35452280502068,66.491
28.374682317022234,66.491
28.39484290604014,66.491
28.414992122037802,66.491
28.435158617037814,66.491
28.455312605015934,66.491
28.475474514008965,66.491
28.495634710008744,66.491
28.51579729100922,66.491
28.535979317035526,66.491
28.556165123009123,66.491
28.57631690503331,66.491
28.59646791801788,66.491
28.616622787027154,66.379
28.636785396025516,66.379
28.656943877984304,66.379
28.677100298984442,66.379
28.69725601701066,66.379
28.71742084703874,66.379
28.737575226987246,66.379
28.757730432029348,66.379
28.777893714024685,66.379
28.79805199900875,66.379
28.818217342020944,66.379
28.8383715050295,66.379
28.858523253002204,66.379
28.878673290018924,66.379
28.89882922801189,66.379
28.91899492603261,66.379
28.939149809011724,66.379
28.95931049803039,66.379
28.979486424999777,66.379
28.999642428010702,66.379
29.019794004037976,66.379
29.039956752036233,66.379
29.06002041103784,66.379
29.080175326031167,66.379
29.10033187601948,66.379
29.12048581702402,66.322
29.140558396989945,66.322
29.160722889006138,66.322
29.180873983015772,66.322
29.200945755001158,66.322
29.22110025800066,66.322
29.241252495034132,66.322
29.261405654018745,66.322
29.28162424103357,66.322
29.301830096985213,66.322
29.32202803302789,66.322
29.342240653000772,66.322
29.362423779035453,66.322
29.382610266038682,66.322
29.40275395801291,66.322
29.42294184700586,66.322
29.443132335029077,66.322
29.46331919002114,66.322
29.48350859299535,66.322
29.50369728199439,66.322
29.523889200994745,66.322
29.54408942098962,66.322
29.564281055994797,66.322
29.58446953300154,66.322
29.60466119198827,66.322
29.624884432007093,66.301
29.645077652006876,66.301
29.665271961013786,66.301
29.68546668603085,66.301
29.705664109031204,66.301
29.72586568898987,66.301
29.74605406302726,66.301
29.766249203996267,66.301
29.786449701001402,66.301
29.806665113021154,66.301
29.826871428987943,66.301
29.84707277303096,66.301
29.867266695015132,66.301
29.887467514025047,66.301
29.907671394990757,66.301
29.92786574503407,66.301
29.948060618015006,66.301
29.968220096023288,66.301
29.988369978033006,66.301
30.008457027026452,66.301
30.028544222994242,66.301
30.048747822002042,66.301
30.068945967999753,66.301
30.089164086035453,66.301
30.109357940033078,66.192
30.129551373014692,66.192
30.149751514021773,66.192
30.169912568992004,66.192
30.190110063995235,66.192
30.21030753001105,66.192
30.230502460035495,66.192
30.250649588997476,66.192
30.27085219800938,66.192
30.29103744198801,66.192
30.31123158702394,66.192
30.331425657030195,66.192
30.351622034038883,66.192
30.37177296099253,66.192
30.391896407993045,66.192
30.412082954018842,66.192
30.432273857994005,66.192
30.452471458993386,66.192
30.47268184402492,66.192
30.49283484002808,66.192
30.513041817001067,66.192
30.533235714014154,66.192
30.553446225007065,66.192
30.573646967997774,66.192
30.593804886040743,66.192
30.61400133901043,66.109
30.634196394996252,66.109
30.65438984503271,66.109
30.67458972800523,66.109
30.6947437649942,66.109
30.714943777013104,66.109
30.73514529998647,66.109
30.755348175996915,66.109
30.7755541690276,66.109
30.79575356002897,66.109
30.81595316203311,66.109
30.836144345987123,66.109
30.856337556033395,66.109
30.876532255031634,66.109
30.89673674001824,66.109
30.916946248034947,66.109
30.93713692901656,66.109
30.957335148996208,66.109
30.97753480100073,66.109
30.99773494002875,66.109
31.017932641028892,66.109
31.038138804025948,66.109
31.058341926021967,66.109
31.078531329985708,66.109
31.09872460801853,66.109
31.118929693009704,66.017
31.139120496984106,66.017
31.159316798031796,66.017
31.17950931203086,66.017
31.199793937033974,66.017
31.21998918801546,66.017
31.240191101038363,66.017
31.260417975019664,66.017
31.280610176036134,66.017
31.300720627012197,66.017
31.320919472025707,66.017
31.341117320989724,66.017
31.361310759035405,66.017
31.38150532101281,66.017
31.401705236989073,66.017
31.421908240008634,66.017
31.44211515999632,66.017
31.46220326499315,66.017
31.48229092801921,66.017
31.502485490986146,66.017
31.522685268020723,66.017
31.54288575600367,66.017
31.5630786010297,66.017
31.5832723940257,66.017
31.603467716020532,66.017
31.62366770900553,65.989
31.64375673700124,65.989
31.663854857033584,65.989
31.684068010014016,65.989
31.704269482987,65.989
31.724465281993616,65.989
31.744661982986145,65.989
31.764865842997096,65.989
31.78502239700174,65.989
31.805221036018338,65.989
31.825414734019432,65.989
31.845610754040536,65.989
31.86581606499385,65.989
31.88601859699702,65.989
31.906219828000758,65.989
31.926416278001852,65.989
31.946613111998886,65.989
31.96681161999004,65.989
31.987013010017108,65.989
32.00721713301027,65.989
32.027413372008596,65.989
32.04762271203799,65.989
32.067823880992364,65.989
32.088019485003315,65.989
32.10821938002482,65.952
32.1284338220139,65.952
32.14863631600747,65.952
32.1688390810159,65.952
32.189046561019495,65.952
32.209243803983554,65.952
32.229441569012124,65.952
32.249643923016265,65.952
32.26985022099689,65.952
32.290058851009235,65.952
32.31025636498816,65.952
32.33045021502767,65.952
32.35065208002925,65.952
32.37085390900029,65.952
32.39105997403385,65.952
32.41116140503436,65.952
32.43140984902857,65.952
32.45161454798654,65.952
32.47181223303778,65.952
32.49201607203577,65.952
32.512218886986375,65.952
32.532416008994915,65.952
32.55261845001951,65.952
32.57282486103941,65.952
32.593022492015734,65.952
32.613223612017464,65.876
32.63341564999428,65.876
32.653613633010536,65.876
32.67381348100025,65.876
32.69401061703684,65.876
32.71420967602171,65.876
32.73441437003203,65.876
32.75461186701432,65.876
32.77482168900315,65.876
32.794908948999364,65.876
32.815112604992464,65.876
32.835308265988715,65.876
32.855503120983485,65.876
32.87570346501889,65.876
32.89579095400404,65.876
32.91587049298687,65.876
32.936065740010235,65.876
32.956262979016174,65.876
32.97645770100644,65.876
32.99654761503916,65.876
33.01675543701276,65.876
33.036958313023206,65.876
33.057266507996246,65.876
33.07737002102658,65.876
33.09747569501633,65.876
33.11764991900418,66.054
33.13780302100349,66.054
33.15796133701224,66.054
33.17811405303655,66.054
33.19827032700414,66.054
33.21842666901648,66.054
33.23858258698601,66.054
33.25875815702602,66.054
33.27892022498418,66.054
33.29907401703531,66.054
33.31923074700171,66.054
33.33930038899416,66.054
33.35944649198791,66.054
33.379592131997924,66.054
33.399759071005974,66.054
33.41990756202722,66.054
33.44006209302461,66.054
33.46013517898973,66.054
33.480283187003806,66.054
33.50043506198563,66.054
33.52059828402707,66.054
33.54075175599428,66.054
33.560903378995135,66.054
33.581070463988,66.054
33.6012380309985,66.054
33.62139440898318,66.295
33.641549958032556,66.295
33.66170932300156,66.295
33.681876450020354,66.295
33.7020607360173,66.295
33.72222659899853,66.295
33.74229755299166,66.295
33.76245531899622,66.295
33.78261818300234,66.295
33.80277577904053,66.295
33.82293148501776,66.295
33.84310788899893,66.295
33.86327797698323,66.295
33.88343171798624,66.295
33.903583407984115,66.295
33.923740893020295,66.295
33.94388895604061,66.295
33.96405723498901,66.295
33.98421937599778,66.295
34.00439183303388,66.295
34.024544325016905,66.295
34.04470414103707,66.295
34.064770903030876,66.295
34.08483431098284,66.295
34.10498252598336,66.295
34.12514294299763,66.398
34.14529940200737,66.398
34.16545967600541,66.398
34.18553569598589,66.398
34.20561440603342,66.398
34.22577423002804,66.398
34.24594224902103,66.398
34.26610009704018,66.398
34.28617239400046,66.398
34.306238379038405,66.398
34.32639611302875,66.398
34.34656776301563,66.398
34.366635804995894,66.398
34.38678413099842,66.398
34.40694430103758,66.398
34.42710613203235,66.398
34.44725245301379,66.398
34.467413312988356,66.398
34.4875714170048,66.398
34.50768025603611,66.398
34.527826605015434,66.398
34.547997910995036,66.398
34.568166092038155,66.398
34.5883265369921,66.398
34.608399973018095,66.463
34.62854843202513,66.463
34.648702949984,66.463
34.66886244300986,66.463
34.68901850801194,66.463
34.7091881330125,66.463
34.729350259993225,66.463
34.74950463499408,66.463
34.76966120302677,66.463
34.78982103703311,66.463
34.809981081984006,66.463
34.83014621800976,66.463
34.85031068400713,66.463
34.87038288300391,66.463
34.890447107027285,66.463
34.910599637019914,66.463
34.93074644199805,66.463
34.95090204203734,66.463
34.97106046200497,66.463
34.99124377500266,66.463
35.01139686902752,66.463
35.03155312000308,66.463
35.05170588003239,66.463
35.071872127009556,66.463
35.09202121203998,66.463
35.112191101012286,66.441
35.1323661589995,66.441
35.15251454303507,66.441
35.17266428703442,66.441
35.19281681801658,66.441
35.21297651203349,66.441
35.23315098398598,66.441
35.25332682800945,66.441
35.27347923803609,66.441
35.29365029500332,66.441
35.31380631600041,66.441
35.33396439498756,66.441
35.35412567702588,66.441
35.37428439903306,66.441
35.39443912298884,66.441
35.41461977700237,66.441
35.43481150298612,66.441
35.45500047702808,66.441
35.475101409014314,66.441
35.49527402600506,66.441
35.51542995503405,66.441
35.53549918299541,66.441
35.55564452300314,66.441
35.575804731983226,66.441
35.59596838802099,66.441
35.61612536601024,66.288
35.63619330502115,66.288
35.65635010699043,66.288
35.676506425021216,66.288
35.69666508201044,66.288
35.71682169800624,66.288
35.73697775002802,66.288
35.75713327300036,66.288
35.77729245903902,66.288
35.797451800026465,66.288
35.817608157987706,66.288
35.83776129601756,66.288
35.85791636700742,66.288
35.878075493033975,66.288
35.898240704031195,66.288
35.91840049100574,66.288
35.93855264002923,66.288
35.95862519100774,66.288
35.97877275303472,66.288
35.998926595028024,66.288
36.01910361502087,66.288
36.0392540100147,66.288
36.059418826014735,66.288
36.07957407098729,66.288
36.09973573603202,66.288
36.11989802803146,66.153
36.14006916899234,66.153
36.160222036007326,66.153
36.180379156023264,66.153
36.2005495110061,66.153
36.220705849991646,66.153
36.24086923600407,66.153
36.2610432819929,66.153
36.28119405900361,66.153
36.3013478370267,66.153
36.32150887901662,66.153
36.34157921303995,66.153
36.36172732501291,66.153
36.38188717002049,66.153
36.40204628900392,66.153
36.42219299101271,66.153
36.44234847300686,66.153
36.46250704000704,66.153
36.48268111003563,66.153
36.502784465032164,66.153
36.52293739200104,66.153
36.54308933601715,66.153
36.56325387203833,66.153
36.58341589599149,66.153
36.60357540403493,66.153
36.62373521801783,66.211
36.643904059019405,66.211
36.66405578603735,66.211
36.68423903698567,66.211
36.704400564020034,66.211
36.72457665303955,66.211
36.74473263701657,66.211
36.764886365039274,66.211
36.78507423499832,66.211
36.80524163303198,66.211
36.82540421100566,66.211
36.845558492990676,66.211
36.86572614003671,66.211
36.885882161033805,66.211
36.906044571020175,66.211
36.926192342012655,66.211
36.946347028017044,66.211
36.96651054400718,66.211
36.986583872989286,66.211
37.00673292501597,66.211
37.02684813999804,66.211
37.04699556098785,66.211
37.06713074201252,66.211
37.08729553001467,66.211
37.10745443199994,66.206
37.12762011500308,66.206
37.14778097998351,66.206
37.167928542010486,66.206
37.18808384903241,66.206
37.20824588899268,66.206
37.22831811202923,66.206
37.24850017303834,66.206
37.268579383031465,66.206
37.288734660018235,66.206
37.308895714988466,66.206
37.32905579300132,66.206
37.349238777998835,66.206
37.36940057598986,66.206
37.38946577900788,66.206
37.409616969991475,66.206
37.429771167982835,66.206
37.4499168000184,66.206
37.47008147998713,66.206
37.49028516502585,66.206
37.510358243016526,66.206
37.53052401501918,66.206
37.55068082298385,66.206
37.57083362800768,66.206
37.59099531103857,66.206
37.61112726898864,65.945
37.63128248101566,65.945
37.65145183802815,65.945
37.671605054987594,65.945
37.691756284039,65.945
37.711910958983935,65.945
37.73208174703177,65.945
37.75224653899204,65.945
37.772400707006454,65.945
37.79255553201074,65.945
37.81270954100182,65.945
37.832867507007904,65.945
37.85302582802251,65.945
37.87319159199251,65.945
37.89335253502941,65.945
37.91351397003746,65.945
37.933587077015545,65.945
37.953703151026275,65.945
37.97385115700308,65.945
37.99401151703205,65.945
38.014162712031975,65.945
38.03432070004055,65.945
38.0543937520124,65.945
38.074455928988755,65.945
38.094599323987495,65.945
38.11476239503827,65.812
38.13491679902654,65.812
38.15508618002059,65.812
38.17524602403864,65.812
38.19540614500875,65.812
38.215580385003705,65.812
38.235755048983265,65.812
38.255909077997785,65.812
38.27605961699737,65.812
38.29622090398334,65.812
38.31638604099862,65.812
38.336546326987445,65.812
38.35670212301193,65.812
38.376852561021224,65.812
38.39700368203921,65.812
38.41716370702488,65.812
38.437325888022315,65.812
38.457398388010915,65.812
38.477564039989375,65.812
38.497722275031265,65.812
38.51788459799718,65.812
38.53805034799734,65.812
38.55820232600672,65.812
38.578354406985454,65.812
38.59850727498997,65.812
38.61865553102689,65.803
38.63880952098407,65.803
38.65896802098723,65.803
38.679128557036165,65.803
38.699285899987444,65.803
38.719454822014086,65.803
38.73961126600625,65.803
38.75976844498655,65.803
38.779920480039436,65.803
38.80007070902502,65.803
38.82023106102133,65.803
38.84038765903097,65.803
38.86054712499026,65.803
38.880703943024855,65.803
38.900858519016765,65.803
38.92101328901481,65.803
38.941166543983854,65.803
38.96132819302147,65.803
38.98148064198904,65.803
39.00163812201936,65.803
39.02180908003356,65.803
39.04196435702033,65.803
39.06212978501571,65.803
39.08228112402139,65.803
39.10243222001009,65.803
39.12258863198804,65.794
39.14274318399839,65.794
39.162905348988716,65.794
39.18306114902953,65.794
39.203132092021406,65.794
39.223281114012934,65.794
39.24344314803602,65.794
39.26360102999024,65.794
39.28382774599595,65.794
39.30402211099863,65.794
39.32418559800135,65.794
39.34435549401678,65.794
39.364507352991495,65.794
39.38466670602793,65.794
39.404798192030285,65.794
39.42494675400667,65.794
39.445103134028614,65.794
39.465268713014666,65.794
39.48542671202449,65.794
39.505589906999376,65.794
39.525697998993564,65.794
39.54584118700586,65.794
39.56600095500471,65.794
39.586157125013415,65.794
39.60632230201736,65.874
39.626480573031586,65.874
39.646586285030935,65.874
39.66673801303841,65.874
39.686887870018836,65.874
39.70708150102291,65.874
39.7272431080346,65.874
39.747403324989136,65.874
39.767556826001965,65.874
39.78771413100185,65.874
39.80787998798769,65.874
39.828067728027236,65.874
39.84826774103567,65.874
39.868443512008525,65.874
39.88859452604083,65.874
39.90874962601811,65.874
39.92890175600769,65.874
39.949056142009795,65.874
39.969255862000864,65.874
39.98933011299232,65.874
40.009482868015766,65.874
40.02976427698741,65.874
40.0499604800134,65.874
40.07012126699556,65.874
40.09026236401405,65.874
40.11042292503407,65.941
40.13057207100792,65.941
40.150729470013175,65.941
40.17088319698814,65.941
40.19104252103716,65.941
40.21119186398573,65.941
40.23136524803704,65.941
40.25152984901797,65.941
40.2716880380176,65.941
40.291845937026665,65.941
40.31199641601415,65.941
40.33215532399481,65.941
40.352310583984945,65.941
40.37247842899524,65.941
40.39263964199927,65.941
40.412799627985805,65.941
40.432955230993684,65.941
40.45302489202004,65.941
40.47314392303815,65.941
40.49329663999379,65.941
40.51345627801493,65.941
40.533611196035054,65.941
40.553764522017445,65.941
40.573916072025895,65.941
40.594071461004205,65.941
40.61422891600523,66.029
40.634389454033226,66.029
40.65455064503476,66.029
40.6747089420096,66.029
40.69485956203425,66.029
40.71501574001741,66.029
40.73517292801989,66.029
40.755348882987164,66.029
40.77550618402893,66.029
40.795657587004825,66.029
40.815812271030154,66.029
40.83596892800415,66.029
40.856128117011394,66.029
40.87628686800599,66.029
40.89644451503409,66.029
40.91659796301974,66.029
40.93675921700196,66.029
40.956916420022026,66.029
40.97708022099687,66.029
40.99725433799904,66.029
41.01741868199315,66.029
41.0375728670042,66.029
41.057639517995995,66.029
41.07779307902092,66.029
41.09794063301524,66.029
41.11810368899023,65.945
41.13826638599858,65.945
41.15833696501795,65.945
41.178479971014895,65.945
41.198631567007396,65.945
41.21878602303332,65.945
41.23889593803324,65.945
41.25905455002794,65.945
41.279205975995865,65.945
41.29935472103534,65.945
41.31951579503948,65.945
41.33967134699924,65.945
41.359777990030125,65.945
41.379921009996906,65.945
41.400086919020396,65.945
41.42023973999312,65.945
41.44041386299068,65.945
41.46049198100809,65.945
41.48064443503972,65.945
41.50080030498793,65.945
41.520957295026165,65.945
41.54110724298516,65.945
41.56118070404045,65.945
41.58132751198718,65.945
41.601483636011835,65.945
41.621647396998014,65.859
41.64179876400158,65.859
41.6619559309911,65.859
41.68210735201137,65.859
41.70232467999449,65.859
41.72251822001999,65.859
41.74266968201846,65.859
41.7628236580058,65.859
41.782996827038005,65.859
41.80315559403971,65.859
41.823333312990144,65.859
41.84350254503079,65.859
41.863576672039926,65.859
41.88365002599312,65.859
41.90381675498793,65.859
41.92397067300044,65.859
41.94412809301866,65.859
41.96428055403521,65.859
41.984439700026996,65.859
42.00459642201895,65.859
42.02474910003366,65.859
42.04491808201419,65.859
42.06509600201389,65.859
42.085273645003326,65.859
42.10543425002834,65.859
42.125593436008785,65.733
42.14575030299602,65.733
42.16590492898831,65.733
42.18606108002132,65.733
42.20620717201382,65.733
42.226367769006174,65.733
42.246537503029685,65.733
42.2667101030238,65.733
42.2868212100002,65.733
42.30696701898705,65.733
42.327126000018325,65.733
42.34728225902654,65.733
42.367443082039244,65.733
42.387593881983776,65.733
42.407749482023064,65.733
42.42790290300036,65.733
42.44805715203984,65.733
42.4682118310011,65.733
42.488373884989414,65.733
42.50852199998917,65.733
42.52867582900217,65.733
42.548788468993735,65.733
42.5689393869834,65.733
42.58912083803443,65.733
42.60928318504011,65.728
42.629445536993444,65.728
42.6495381250279,65.728
42.66964180901414,65.728
42.68979657802265,65.728
42.70995214598952,65.728
42.73010670900112,65.728
42.75017900299281,65.728
42.77034107403597,65.728
42.79051536798943,65.728
42.81067031301791,65.728
42.830825233017094,65.728
42.85097960301209,65.728
42.87112669198541,65.728
42.891288254992105,65.728
42.91145073500229,65.728
42.931604793004226,65.728
42.951759905030485,65.728
42.97192489198642,65.728
42.9919960660045,65.728
43.012149768997915,65.728
43.03231066203443,65.728
43.05237858998589,65.728
43.072441792988684,65.728
43.09251265699277,65.728
43.112662867992185,65.87
43.13283143402077,65.87
43.15299283800414,65.87
43.173159631027374,65.87
43.193317926023155,65.87
43.213493140996434,65.87
43.23365722899325,65.87
43.25372745201457,65.87
43.27379899198422,65.87
43.29396046401234,65.87
43.314119782997295,65.87
43.33429965103278,65.87
43.35447621002095,65.87
43.37463265302358,65.87
43.394781801034696,65.87
43.41493667603936,65.87
43.43509017000906,65.87
43.45527428400237,65.87
43.47543108399259,65.87
43.495589293015655,65.87
43.51575458201114,65.87
43.535911823040806,65.87
43.55605959799141,65.87
43.57624514098279,65.87
43.59640024299733,65.87
43.61655711900676,66.042
43.636627206986304,66.042
43.65668989799451,66.042
43.67675073898863,66.042
43.696810950001236,66.042
43.71687382098753,66.042
43.736933269014116,66.042
43.75699982402148,66.042
43.77712226501899,66.042
43.79728407802759,66.042
43.817455351003446,66.042
43.83760418900056,66.042
43.8577752620331,66.042
43.8779224579921,66.042
43.898077909019776,66.042
43.9182304230053,66.042
43.93838920001872,66.042
43.9585026660352,66.042
43.97865212103352,66.042
43.998812930018175,66.042
44.01897249900503,66.042
44.03913322003791,66.042
44.05929768900387,66.042
44.07947314000921,66.042
44.099628787022084,66.042
44.119790266035125,66.031
44.139944730035495,66.031
44.16010283801006,66.031
44.180261430039536,66.031
44.20042058103718,66.031
44.22057790198596,66.031
44.24064992403146,66.031
44.2608028530376,66.031
44.28095824999036,66.031
44.301116537011694,66.031
44.32127279799897,66.031
44.34143602702534,66.031
44.36158552003326,66.031
44.381765817000996,66.031
44.40192035702057,66.031
44.42207989899907,66.031
44.442240723001305,66.031
44.462395248992834,66.031
44.482555643015075,66.031
44.50267425598577,66.031
44.5228169200127,66.031
44.542979257006664,66.031
44.5631387020112,66.031
44.58331482100766,66.031
44.60338372498518,66.031
44.62354551901808,65.88
44.643704168032855,65.88
44.66385856398847,65.88
44.68401481502224,65.88
44.70417690300383,65.88
44.72434101899853,65.88
44.74449024500791,65.88
44.76464664703235,65.88
44.78480005799793,65.88
44.804952579026576,65.88
44.82510961301159,65.88
44.84527121199062,65.88
44.86543042800622,65.88
44.88558704900788,65.88
44.90573961503105,65.88
44.92588609701488,65.88
44.94605638599023,65.88
44.966212398023345,65.88
44.98644302802859,65.88
45.00663333002012,65.88
45.02682291599922,65.88
45.04700582101941,65.88
45.067197853990365,65.88
45.08738646702841,65.88
45.107577073038556,65.816
45.12776796903927,65.816
45.14795275504002,65.816
45.1681407840224,65.816
45.1883271120023,65.816
45.2085196810076,65.816
45.22870471701026,65.816
45.24888954299968,65.816
45.26908406300936,65.816
45.28926115803188,65.816
45.30945317202713,65.816
45.32963988301344,65.816
45.34982857503928,65.816
45.3700284580118,65.816
45.39023429498775,65.816
45.41041455202503,65.816
45.430594800040126,65.816
45.45077483402565,65.816
45.470964595035184,65.816
45.491037633037195,65.816
45.511224715039134,65.816
45.531429341994226,65.816
45.55162897001719,65.816
45.571767643035855,65.816
45.59195158298826,65.816
45.612135171017144,65.775
45.63233123102691,65.775
45.652604900009464,65.775
45.67278899200028,65.775
45.69297566602472,65.775
45.71318809798686,65.775
45.73338543600403,65.775
45.75358047103509,65.775
45.77377269999124,65.775
45.79397495300509,65.775
45.81415600399487,65.775
45.83435164898401,65.775
45.854539934021886,65.775
45.874726156995166,65.775
45.89491130702663,65.775
45.91509802103974,65.775
45.93528668000363,65.775
45.95547769003315,65.775
45.97566434904002,65.775
45.995850846986286,65.775
46.016045160999056,65.775
46.036241520021576,65.775
46.05644240701804,65.775
46.07663984503597,65.775
46.09683816501638,65.775
46.11702104302822,65.782
46.1372112990357,65.782
46.1573994680075,65.782
46.17758679902181,65.782
46.19776874803938,65.782
46.21796809602529,65.782
46.23815785703482,65.782
46.25823669001693,65.782
46.27842388802674,65.782
46.298612712998874,65.782
46.31880026101135,65.782
46.33899267803645,65.782
46.35915406700224,65.782
46.37933881103527,65.782
46.39953205100028,65.782
46.41972988500493,65.782
46.43992196203908,65.782
46.46011555503355,65.782
46.48031091503799,65.782
46.50050535501214,65.782
46.520699743996374,65.782
46.54089214798296,65.782
46.561076423036866,65.782
46.58126899198396,65.782
46.60145467903931,65.782
46.621643015008885,65.9
46.64183516101912,65.9
46.6620280900388,65.9
46.68223055801354,65.9
46.70242829498602,65.9
46.722615289036185,65.9
46.74280612403527,65.9
46.763001546030864,65.9
46.78320067899767,65.9
46.80340025300393,65.9
46.82358640100574,65.9
46.843728161999024,65.9
46.86391976400046,65.9
46.8841089369962,65.9
46.90430813503917,65.9
46.924505312985275,65.9
46.944694545003586,65.9
46.96488224499626,65.9
46.98506796703441,65.9
47.005255668016616,65.9
47.02544256200781,65.9
47.04564131703228,65.9
47.065827234007884,65.9
47.08601342799375,65.9
47.1062096329988,65.91
47.1264025690034,65.91
47.14659183099866,65.91
47.16677722299937,65.91
47.186967046989594,65.91
47.20716104202438,65.91
47.22735595103586,65.91
47.24754685803782,65.91
47.26773893099744,65.91
47.287925323005766,65.91
47.30811717698816,65.91
47.32831166201504,65.91
47.34850327798631,65.91
47.36869110399857,65.91
47.388879886013456,65.91
47.40905359399039,65.91
47.42924731603125,65.91
47.44943735504057,65.91
47.469623720040545,65.91
47.48981895198813,65.91
47.5100111310021,65.91
47.53021150903078,65.91
47.55040083598578,65.91
47.57058835000498,65.91
47.59077186998911,65.91
47.61095739301527,65.936
47.63114892604062,65.936
47.651347186998464,65.936
47.671539053029846,65.936
47.69172407500446,65.936
47.71191245102091,65.936
47.73210738704074,65.936
47.752306987007614,65.936
47.772503179032356,65.936
47.792688261019066,65.936
47.81287794501986,65.936
47.83306515100412,65.936
47.85325200302759,65.936
47.87344604602549,65.936
47.89362979499856,65.936
47.91381791798631,65.936
47.93396529403981,65.936
47.95415955001954,65.936
47.97434747801162,65.936
47.99454499199055,65.936
48.014747284993064,65.936
48.03493594302563,65.936
48.05512576899491,65.936
48.075324653997086,65.936
48.09553386201151,65.936
48.11572855402483,66.019
48.13592122198315,66.019
48.156116439029574,66.019
48.17631735303439,66.019
48.19650682900101,66.019
48.21669448999455,66.019
48.23688039998524,66.019
48.257075608999,66.019
48.27727138000773,66.019
48.297460979025345,66.019
48.31764991901582,66.019
48.33783694100566,66.019
48.35802379803499,66.019
48.3782440960058,66.019
48.39843743602978,66.019
48.4186257480178,66.019
48.438811040017754,66.019
48.45899896702031,66.019
48.479198691027705,66.019
48.49938705400564,66.019
48.51957547001075,66.019
48.539762950036675,66.019
48.559953443997074,66.019
48.580157794989645,66.019
48.60036297800252,66.019
48.6205616639927,65.887
48.640752557024825,65.887
48.660898222995456,65.887
48.68108310800744,65.887
48.70127683703322,65.887
48.72147021204,65.887
48.741659449995495,65.887
48.76184455503244,65.887
48.78205194300972,65.887
48.802241961995605,65.887
48.8224347489886,65.887
48.842627355013974,65.887
48.862830033991486,65.887
48.88301557098748,65.887
48.90320985199651,65.887
48.923407475987915,65.887
48.94359786302084,65.887
48.96378672099672,65.887
48.983979122014716,65.887
49.004177388036624,65.887
49.02437349699903,65.887
49.04457218502648,65.887
49.06476876401575,65.887
49.08495553699322,65.887
49.10514174902346,65.887
49.12533969199285,65.841
49.145529969013296,65.841
49.16571902501164,65.841
49.18591168598505,65.841
49.20610679802485,65.841
49.22630229702918,65.841
49.24649975501234,65.841
49.26669859001413,65.841
49.28688879299443,65.841
49.30708903603954,65.841
49.32729086000472,65.841
49.34748263802612,65.841
49.367679257993586,65.841
49.38787626498379,65.841
49.4080188460066,65.841
49.4282142650336,65.841
49.448410399025306,65.841
49.46860249200836,65.841
49.48879432101967,65.841
49.50898355600657,65.841
49.52917943999637,65.841
49.54938216501614,65.841
49.56957825704012,65.841
49.589769527025055,65.841
49.60996251303004,65.844
49.63015935703879,65.844
49.65035455900943,65.844
49.67056990403216,65.844
49.69075966899982,65.844
49.71095032803714,65.844
49.73114902799716,65.844
49.75134550302755,65.844
49.77154706302099,65.844
49.791733902995475,65.844
49.81192266801372,65.844
49.832118591002654,65.844
49.85231447202386,65.844
49.872397055034526,65.844
49.89250155701302,65.844
49.91270185902249,65.844
49.93289240298327,65.844
49.953085386019666,65.844
49.97328286000993,65.844
49.99348525604,65.844
50.0136789859971,65.844
50.03387109801406,65.844
50.054065446020104,65.844
50.07426270801807,65.844
50.094456990016624,65.844
50.11465035000583,65.974
50.13484144501854,65.974
50.15504159103148,65.974
50.175294993037824,65.974
50.19549631502014,65.974
50.2156855299836,65.974
50.2358747710241,65.974
50.256065233028494,65.974
50.2762787900283,65.974
50.29647754802136,65.974
50.316681536030956,65.974
50.336871005012654,65.974
50.357065043004695,65.974
50.37727396201808,65.974
50.397460862994194,65.974
50.417654302029405,65.974
50.43784271000186,65.974
50.4580350050237,65.974
50.47823610098567,65.974
50.49843693099683,65.974
50.5186276989989,65.974
50.53882485703798,65.974
50.5590422769892,65.974
50.57923433702672,65.974
50.59943517699139,65.974
50.61962484603282,66.129
50.639744034036994,66.129
50.65993299201364,66.129
50.68012686201837,66.129
50.70034407201456,66.129
50.72053752001375,66.129
50.740732781006955,66.129
50.7609232700197,66.129
50.78111289901426,66.129
50.801311947987415,66.129
50.821507451997604,66.129
50.84169654198922,66.129
50.86188582703471,66.129
50.88207536999835,66.129
50.90227313601645,66.129
50.92246385203907,66.129
50.94266359502217,66.129
50.962852045020554,66.129
50.983051170012914,66.129
51.00324672902934,66.129
51.02344732003985,66.129
51.043661320989486,66.129
51.06380983203417,66.129
51.08400200703181,66.129
51.104198638990056,66.129
51.124398194020614,66.244
51.144600277009886,66.244
51.16479127603816,66.244
51.18498800403904,66.244
51.2051799960318,66.244
51.2253975860076,66.244
51.24559001601301,66.244
51.26578163803788,66.244
51.28597626899136,66.244
51.306165589019656,66.244
51.326355431985576,66.244
51.34655969002051,66.244
51.36676146002719,66.244
51.386952842993196,66.244
51.40714512602426,66.244
51.42734335898422,66.244
51.44753394002328,66.244
51.4677256240393,66.244
51.487916974001564,66.244
51.50811291701393,66.244
51.52831605402753,66.244
51.54851154302014,66.244
51.568702321033925,66.244
51.58878430200275,66.244
51.60893597302493,66.087
51.629126785031985,66.087
51.649210634001065,66.087
51.66940677299863,66.087
51.689606008003466,66.087
51.70979954203358,66.087
51.729991033033,66.087
51.75018686999101,66.087
51.770382452989,66.087
51.790578611020464,66.087
51.8107724559959,66.087
51.83097253902815,66.087
51.851157778990455,66.087
51.87135136302095,66.087
51.89154774101917,66.087
51.91170051199151,66.087
51.931891356012784,66.087
51.95209200901445,66.087
51.97230408899486,66.087
51.99250443698838,66.087
52.012692256015725,66.087
52.03289061202668,66.087
52.05308339803014,66.087
52.07327419304056,66.087
52.093470608990174,66.087
52.11366736399941,65.664
52.13386001600884,65.664
52.15406406100374,65.664
52.17425404000096,65.664
52.19444921601098,65.664
52.21464218501933,65.664
52.23483167699305,65.664
52.25502244703239,65.664
52.27522713702638,65.664
52.29542763798963,65.664
52.31562961603049,65.664
52.335831153031904,65.664
52.356044590007514,65.664
52.37624770501861,65.664
52.39634297700832,65.664
52.41644001402892,65.664
52.436541333037894,65.664
52.45675041602226,65.664
52.47695838002255,65.664
52.49716723099118,65.664
52.517385867016856,65.664
52.53760536800837,65.664
52.557817152002826,65.664
52.57801730098436,65.664
52.59822424699087,65.664
52.61842642701231,65.213
52.63863216701429,65.213
52.65884203201858,65.213
52.67905698198592,65.213
52.699283667025156,65.213
52.719483820023015,65.213
52.73968939401675,65.213
52.759890326997265,65.213
52.780054291011766,65.213
52.800176793010905,65.213
52.82027328101685,65.213
52.8403748080018,65.213
52.86058142600814,65.213
52.88078760099597,65.213
52.900994163006544,65.213
52.92120122699998,65.213
52.941408107988536,65.213
52.96160888002487,65.213
52.98180940403836,65.213
53.00200933800079,65.213
53.022219381004106,65.213
53.04243450402282,65.213
53.06267559103435,65.213
53.08288298302796,65.213
53.103092047036625,65.213
53.12329402501928,64.88
53.14348999701906,64.88
53.16369764803676,64.88
53.183903598983306,64.88
53.204104673990514,64.88
53.224305842013564,64.88
53.24450496700592,64.88
53.26470866199816,64.88
53.28491558198584,64.88
53.305230659025256,64.88
53.32541572401533,64.88
53.34557099803351,64.88
53.36573768599192,64.88
53.385900408029556,64.88
53.40606447600294,64.88
53.426217562984675,64.88
53.44637911801692,64.88
53.46652781299781,64.88
53.48667888698401,64.88
53.506747300038114,64.88
53.52689828001894,64.88
53.54707522201352,64.88
53.56724534503883,64.88
53.58740649902029,64.88
53.60755862202495,64.703
53.62771916203201,64.703
53.6478743290063,64.703
53.668045065016486,64.703
53.68820846802555,64.703
53.708376249996945,64.703
53.72852680803044,64.703
53.74859539500903,64.703
53.76866731699556,64.703
53.7888272079872,64.703
53.80898433102993,64.703
53.829140954010654,64.703
53.84928973502247,64.703
53.86944568803301,64.703
53.88960765802767,64.703
53.909764649986755,64.703
53.92992484703427,64.703
53.950087720004376,64.703
53.970243048039265,64.703
53.99039785400964,64.703
54.01054705498973,64.703
54.030706622987054,64.703
54.050826788006816,64.703
54.07099015102722,64.703
54.09115614800248,64.703
54.111309416999575,64.948
54.13146062899614,64.948
54.15161448303843,64.948
54.17168655100977,64.948
54.19184808601858,64.948
54.21200158103602,64.948
54.23215487902053,64.948
54.25222390401177,64.948
54.2723713570158,64.948
54.29252604703652,64.948
54.3125936340075,64.948
54.332665077003185,64.948
54.352830609015655,64.948
54.372988805000205,64.948
54.39314619102515,64.948
54.41330219100928,64.948
54.43345676199533,64.948
54.453613410994876,64.948
54.47378160600783,64.948
54.49394036299782,64.948
54.514094465004746,64.948
54.53424759401241,64.948
54.554400268010795,64.948
54.57446989801247,64.948
54.594617091992404,64.948
54.61477422801545,65.044
54.63493401999585,65.044
54.65508650499396,65.044
54.67523695103591,65.044
54.69539773801807,65.044
54.7155547849834,65.044
54.735625881003216,65.044
54.75577885698294,65.044
54.775935737008695,65.044
54.7960952980211,65.044
54.816255196987186,65.044
54.83641077100765,65.044
54.856561700988095,65.044
54.876722321030684,65.044
54.89688913401915,65.044
54.917048362025525,65.044
54.937194944999646,65.044
54.95734986203024,65.044
54.9775037530344,65.044
54.99766314099543,65.044
55.01782439503586,65.044
55.03798031999031,65.044
55.058133406040724,65.044
55.07830507098697,65.044
55.09845760202734,65.044
55.118628235999495,64.918
55.13878800201928,64.918
55.15894641401246,64.918
55.17910823103739,64.918
55.19926662999205,64.918
55.21941710799001,64.918
55.239573492028285,64.918
55.25972879398614,64.918
55.2798349520308,64.918
55.29998631600756,64.918
55.32014295400586,64.918
55.340214389027096,64.918
55.360362823004834,64.918
55.38051950302906,64.918
55.400675810989924,64.918
55.42083602701314,64.918
55.440995324985124,64.918
55.461147508001886,64.918
55.481306289031636,64.918
55.501458553015254,64.918
55.52161084598629,64.918
55.541770288022235,64.918
55.56183929898543,64.918
55.581901316007134,64.918
55.60197135899216,64.918
55.62213781301398,64.629
55.642289654002525,64.629
55.66244294401258,64.629
55.68260291300248,64.629
55.702753416029736,64.629
55.72291463799775,64.629
55.74308408598881,64.629
55.76324210502207,64.629
55.78339468600461,64.629
55.803553723031655,64.629
55.82371298101498,64.629
55.84387668798445,64.629
55.864048017014284,64.629
55.88420093600871,64.629
55.90435433498351,64.629
55.924511138000526,64.629
55.94467335403897,64.629
55.96483408898348,64.629
55.9849972850061,64.629
56.00515442102915,64.629
56.02526468900032,64.629
56.04544050002005,64.629
56.06559378502425,64.629
56.08575279003708,64.629
56.10591533000115,64.629
56.12607360101538,64.55
56.14623022900196,64.55
56.16638237499865,64.55
56.186536861001514,64.55
56.20669438398909,64.55
56.22685347899096,64.55
56.24701063503744,64.55
56.267164652002975,64.55
56.28732508700341,64.55
56.307481727038976,64.55
56.327633019012865,64.55
56.34778854402248,64.55
56.36794442799874,64.55
56.388109474035446,64.55
56.40825402701739,64.55
56.42840732901823,64.55
56.44856570701813,64.55
56.468637717014644,64.55
56.48883848701371,64.55
56.508901396999136,64.55
56.529062070010696,64.55
56.54920996102737,64.55
56.56936147698434,64.55
56.58951315499144,64.55
56.60966684803134,64.566
56.62982134602498,64.566
56.64998213702347,64.566
56.670141978014726,64.566
56.690296610991936,64.566
56.710447899997234,64.566
56.73059881501831,64.566
56.750756620022,64.566
56.77091666503111,64.566
56.79106767103076,64.566
56.81113784702029,64.566
56.83121882600244,64.566
56.85129430802772,64.566
56.87136425200151,64.566
56.89143656101078,64.566
56.91151061101118,64.566
56.93157057400094,64.566
56.95162991102552,64.566
56.97169593698345,64.566
56.99186643998837,64.566
57.01205456099706,64.566
57.032227440038696,64.566
57.05239586404059,64.566
57.07254800602095,64.566
57.09270852402551,64.566
57.11282500298694,64.351
57.1329797860235,64.351
57.15313878702,64.351
57.173294359992724,64.351
57.193450701015536,64.351
57.21360446198378,64.351
57.233759202994406,64.351
57.25392234203173,64.351
57.27408210502472,64.351
57.29424769902835,64.351
57.3143994359998,64.351
57.33447028300725,64.351
57.35461734398268,64.351
57.37477887503337,64.351
57.3948900619871,64.351
57.41505600500386,64.351
57.43520371901104,64.351
57.455314646009356,64.351
57.47547011001734,64.351
57.49562207702547,64.351
57.51569072401617,64.351
57.53575624799123,64.351
57.555826027004514,64.351
57.57590616098605,64.351
57.596063304983545,64.351
57.61612076102756,64.064
57.636278497986495,64.064
57.65642981400015,64.064
57.676578691985924,64.064
57.696734383993316,64.064
57.71688611299032,64.064
57.737049159011804,64.064
57.757201837026514,64.064
57.77728192904033,64.064
57.79737195803318,64.064
57.817457898985595,64.064
57.83751746302005,64.064
57.85757653898327,64.064
57.87773092801217,64.064
57.897908904997166,64.064
57.91809289500816,64.064
57.938269575010054,64.064
57.958432674000505,64.064
57.97859692201018,64.064
57.99874968000222,64.064
58.01890840800479,64.064
58.039068458019756,64.064
58.05919399601407,64.064
58.07934924500296,64.064
58.099510108004324,64.064
58.11967765801819,63.999
58.13982910302002,63.999
58.15998161403695,63.999
58.18013928900473,63.999
58.2003006489831,63.999
58.22045756399166,63.999
58.24062075401889,63.999
58.2607299980009,63.999
58.28084542101715,63.999
58.30099957098719,63.999
58.32116460602265,63.999
58.34132413199404,63.999
58.361481700034346,63.999
58.38164355198387,63.999
58.40180308400886,63.999
58.421956762031186,63.999
58.44212427502498,63.999
58.46227987599559,63.999
58.4824362770305,63.999
58.502589975018054,63.999
58.52274186100112,63.999
58.542910090996884,63.999
58.56306447001407,63.999
58.583236192993354,63.999
58.603397621016484,63.999
58.62355582899181,63.999
58.64371173403924,63.999
58.66378264303785,63.999
58.68393412500154,63.999
58.70409315498546,63.999
58.72425240802113,63.999
58.74432495998917,63.999
58.764396844024304,63.999
58.78447272401536,63.999
58.804573489003815,63.999
58.82467695599189,63.999
58.84477027703542,63.999
58.86494403501274,63.999
58.88512876199093,63.999
58.90531830000691,63.999
58.92551845300477,63.999
58.94570461200783,63.999
58.965887347992975,63.999
58.98600305302534,63.999
59.00622601102805,63.999
59.02639366098447,63.999
59.0464998530224,63.999
59.0666790860123,63.999
59.08681922900723,63.999
59.10689121298492,63.69
59.12696172500728,63.69
59.14704155601794,63.69
59.16714227403281,63.69
59.18727873801254,63.69
59.207475115021225,63.69
59.227678727009334,63.69
59.24791157001164,63.69
59.26815345103387,63.69
59.28835003002314,63.69
59.30858643702231,63.69
59.32883348799078,63.69
59.34895872999914,63.69
59.369093406014144,63.69
59.389221518998966,63.69
59.409509252000134,63.69
59.42978701402899,63.69
59.450068287027534,63.69
59.470291603007354,63.69
59.49053022701992,63.69
59.51076914300211,63.69
59.53100802999688,63.69
59.5512594160391,63.69
59.57149139599642,63.69
59.591683453996666,63.69
59.61180326802423,64.149
59.63200177799445,64.149
59.65229179203743,64.149
59.67249282501871,64.149
59.69273328903364,64.149
59.71297424903605,64.149
59.73322174901841,64.149
59.7534134380403,64.149
59.773612800985575,64.149
59.793818125035614,64.149
59.81400500203017,64.149
59.83428670204012,64.149
59.854551003023516,64.149
59.87482805602485,64.149
59.895088881021366,64.149
59.91534251702251,64.149
59.93557402602164,64.149
59.95579211198492,64.149
59.975912638008595,64.149
59.99611100502079,64.149
60.01631013100268,64.149
60.036506912030745,64.149
60.0567111960263,64.149
60.07683017599629,64.149
60.09708498400869,64.149
60.117391406034585,64.56
60.13768514600815,64.56
60.157920539029874,64.56
60.17803948599612,64.56
60.19813056703424,64.56
60.21830378001323,64.56
60.238560914993286,64.56
60.25879315799102,64.56
60.27905174199259,64.56
60.299321391037665,64.56
60.319640117988456,64.56
60.33994959102711,64.56
60.360177945985924,64.56
60.38044672802789,64.56
60.40057598100975,64.56
60.4208221330191,64.56
60.44107103702845,64.56
60.46132064703852,64.56
60.48159681604011,64.56
60.50180517503759,64.56
60.52209555503214,64.56
60.54234764201101,64.56
60.562582692014985,64.56
60.582871722988784,64.56
60.602996311034076,64.56
60.62311664002482,64.571
60.64328990801005,64.571
60.663587792019825,64.571
60.683827306027524,64.571
60.70410771702882,64.571
60.7243192550377,64.571
60.74455877701985,64.571
60.764852778986096,64.571
60.78510042699054,64.571
60.8053905700217,64.571
60.82567080802983,64.571
60.84595872700447,64.571
60.86614959099097,64.571
60.88638615299715,64.571
60.90666099998634,64.571
60.92690985102672,64.571
60.94719041103963,64.571
60.96742667100625,64.571
60.98766242101556,64.571
61.00790132302791,64.571
61.02813290600898,64.571
61.04840943100862,64.571
61.06864367600065,64.571
61.08890656399308,64.571
61.10912111500511,64.571
61.12931783602107,64.571
61.14955558703514,64.571
61.1698393690167,64.571
61.19011925003724,64.571
61.21039655903587,64.571
61.23069505800959,64.571
61.25102154602064,64.571
61.27131770004053,64.571
61.29162886599079,64.571
61.31188381300308,64.571
61.33214879001025,64.571
61.35247523401631,64.571
61.37282657099422,64.571
61.393108974036295,64.571
61.41336385702016,64.571
61.433690312027466,64.571
61.4539789929986,64.571
61.474290169018786,64.571
61.49458381399745,64.571
61.51488654402783,64.571
61.53512141603278,64.571
61.55544991302304,64.571
61.57575320202159,64.571
61.59606868901756,64.571
61.61633252503816,46.396
61.63665421499172,46.396
61.65693196299253,46.396
61.677124737005215,46.396
61.69732527702581,46.396
61.717619842034765,46.396
61.7379270879901,46.396
61.75815905898344,46.396
61.778420938004274,46.396
61.7986636160058,46.396
61.81896196200978,46.396
61.839226773998234,46.396
61.859523450024426,46.396
61.8798119550338,46.396
61.900118192017544,46.396
61.92041329300264,46.396
61.940548119018786,46.396
61.96082139102509,46.396
61.98101308901096,46.396
62.00115657801507,46.396
62.02140084299026,46.396
62.04172869602917,46.396
62.06201646802947,46.396
62.08223178703338,46.396
62.102363276004326,46.396
62.1226065470255,46.396
62.14292671298608,46.396
62.163200061011594,46.396
62.183478587016,46.396
62.20376688602846,46.396
62.22401200002059,46.396
62.24429834500188,46.396
62.26467679202324,46.396
62.28497331601102,46.396
62.30520446499577,46.396
62.32546118000755,46.396
62.34579196199775,46.396
62.36608003801666,46.396
62.386280610982794,46.396
62.40649474901147,46.396
62.426738778012805,46.396
62.44697058602469,46.396
62.46706059901044,46.396
62.487306441005785,46.396
62.50755400303751,46.396
62.52776221500244,46.396
62.54795840400038,46.396
62.5681979060173,46.396
62.588324116019066,46.396
62.60862123698462,37.046
62.62893331202213,37.046
62.64928224903997,37.046
62.66945615503937,37.046
62.68978687300114,37.046
62.710100917029195,37.046
62.73037413001293,37.046
62.750664716004394,37.046
62.771077109035105,37.046
62.791318884002976,37.046
62.81155395798851,37.046
62.831840026017744,37.046
62.85224574699532,37.046
62.87251685501542,37.046
62.8927237620228,37.046
62.91296639700886,37.046
62.93320882099215,37.046
62.95340737700462,37.046
62.97366197098745,37.046
62.99398664501496,37.046
63.014336474996526,37.046
63.034638026030734,37.046
63.0549156810157,37.046
63.07511487498414,37.046
63.09532865602523,37.046
63.11554529401474,37.046
63.13586431200383,37.046
63.15607388102217,37.046
63.17626790399663,37.046
63.19647712702863,37.046
63.216672494017985,37.046
63.23690926900599,37.046
63.25715197902173,37.046
63.27728919801302,37.046
63.29749865701888,37.046
63.317737148026936,37.046
63.33806368499063,37.046
63.35835460899398,37.046
63.37847460602643,37.046
63.3986627139966,37.046
63.41885666002054,37.046
63.43914438300999,37.046
63.459389363997616,37.046
63.47953368903836,37.046
63.49977514898637,37.046
63.52000876702368,37.046
63.54021885403199,37.046
63.56045523099601,37.046
63.58068876899779,37.046
63.6009670420317,37.046
63.62124646699522,26.385
63.64151982398471,26.385
63.66173054202227,26.385
63.68196692899801,26.385
63.7022404440213,26.385
63.722540775022935,26.385
63.74266513803741,26.385
63.76277652999852,26.385
63.78302656603046,26.385
63.803231969999615,26.385
63.82352279499173,26.385
63.843813999032136,26.385
63.86407584999688,26.385
63.88431280403165,26.385
63.90459351899335,26.385
63.92487583798356,26.385
63.945109979016706,26.385
63.96539265598403,26.385
63.985690247034654,26.385
64.00601417402504,26.385
64.02632993500447,26.385
64.04660793900257,26.385
64.06689293700038,26.385
64.08716942503816,26.385
64.10744894202799,26.385
64.12768319499446,26.385
64.14796358603053,26.385
64.16816471499624,26.385
64.18835308798589,26.385
64.20858512801351,26.385
64.2288118340075,26.385
64.24905805499293,26.385
64.26934780098964,26.385
64.28963058802765,26.385
64.30991202103905,26.385
64.3301917600329,26.385
64.35042526898906,26.385
64.3705595000065,26.385
64.39070467901183,26.385
64.4109112470178,26.385
64.43114382703789,26.385
64.45136748603545,26.385
64.47161077102646,26.385
64.49190625402844,26.385
64.51215805101674,26.385
64.53240459103836,26.385
64.55264035903383,26.385
64.57291676901514,26.385
64.59313714201562,26.385
64.61341942800209,23.347
64.63370072399266,23.347
64.65401007700711,23.347
64.6743160019978,23.347
64.69455526903039,23.347
64.71485365298577,23.347
64.73506659001578,23.347
64.755266030028,23.347
64.77549649303546,23.347
64.79574232699815,23.347
64.81602616899181,23.347
64.83632090000901,23.347
64.85652371199103,23.347
64.87677977100248,23.347
64.89697435800917,23.347
64.91720388201065,23.347
64.93743955198443,23.347
64.95771190698724,23.347
64.97794904699549,23.347
64.99814998399233,23.347
65.01838132203557,23.347
65.03863250400173,23.347
65.05892925703665,23.347
65.07920348201878,23.347
65.09945377003169,23.347
65.11975194502156,23.347
65.13997709599789,23.347
65.16024056100287,23.347
65.18055477703456,23.347
65.20080324902665,23.347
65.22107343701646,23.347
65.24133664398687,23.347
65.26162392698461,23.347
65.28191651502857,23.347
65.3022038229974,23.347
65.32240097998874,23.347
65.34263680002186,23.347
65.36284930899274,23.347
65.383141289989,23.347
65.40337483398616,23.347
65.42366343003232,23.347
65.44389917800436,23.347
65.46412650402635,23.347
65.48432063200744,23.347
65.50460816401755,23.347
65.52483908704016,23.347
65.54507487098454,23.347
65.56535342300776,23.347
65.58558156999061,23.347
65.60577729501529,23.347
65.62607119401218,23.346
65.64628972898936,23.346
65.66656760603655,23.346
65.68676499801222,23.346
65.70706352003617,23.346
65.72730030299863,23.346
65.74758652300807,23.346
65.76782387803541,23.346
65.78811569098616,23.346
65.80842353898333,23.346
65.82871853600955,23.346
65.8489653430297,23.346
65.86917285301024,23.346
65.88944917899789,23.346
65.90974551101681,23.346
65.92998614802491,23.346
65.95028037502198,23.346
65.970512918022,23.346
65.99079131800681,23.346
66.01107704202877,23.346
66.03135278401896,23.346
66.0515941560152,23.346
66.0718358400045,23.346
66.09213975002058,23.346
66.11250142700737,23.346
66.13284910103539,23.346
66.15320635901298,23.346
66.17335748602636,23.346
66.19351148203714,23.346
66.21371072699549,23.346
66.23402194300434,23.346
66.25425241800258,23.346
66.27451953903073,23.346
66.29476269200677,23.346
66.3150637790095,23.346
66.33538706600666,23.346
66.35562853701413,23.346
66.37587881903164,23.346
66.39619636000134,23.346
66.41642877401318,23.346
66.43674197501969,23.346
66.45698946900666,23.346
66.47734045103425,23.346
66.49757855199277,23.346
66.51788525801385,23.346
66.53814325103303,23.346
66.55846235202625,23.346
66.5787695600302,23.346
66.59897562401602,23.346
66.6192623830284,23.136
66.63953859201865,23.136
66.65979655500269,23.136
66.68008642003406,23.136
66.70041415799642,23.136
66.7207409440307,23.136
66.74098224402405,23.136
66.76128179999068,23.136
66.78159950801637,23.136
66.80175595200853,23.136
66.82200432399986,23.136
66.84231439302675,23.136
66.8626001640223,23.136
66.8827890700195,23.136
66.90299557702383,23.136
66.92321571399225,23.136
66.94349751103437,23.136
66.96377703599865,23.136
66.9839043529937,23.136
67.00423812301597,23.136
67.02447855198989,23.136
67.0447706039995,23.136
67.0650833970285,23.136
67.08540246001212,23.136
67.10571537801297,23.136
67.12602349801455,23.136
67.14618166303262,23.136
67.16646422399208,23.136
67.18658730003517,23.136
67.20682883902919,23.136
67.22714650002308,23.136
67.24739242100623,23.136
67.26769366400549,23.136
67.28792313899612,23.136
67.30823283799691,23.136
67.32853541802615,23.136
67.34885172400391,23.136
67.36916402098723,23.136
67.38944928103592,23.136
67.40966436703457,23.136
67.42998889501905,23.136
67.45028626499698,23.136
67.47053520503687,23.136
67.49079056899063,23.136
67.51109342603013,23.136
67.53132092300802,23.136
67.55156307999277,23.136
67.57184421503916,23.136
67.5921624120092,23.136
67.61244934902061,22.987
67.6327039480093,22.987
67.6529722600244,22.987
67.67330531601328,22.987
67.69355274701957,22.987
67.71385583700612,22.987
67.73417017800966,22.987
67.75443782802904,22.987
67.77473060699413,22.987
67.7950193270226,22.987
67.8153257240192,22.987
67.8355737060192,22.987
67.855823282036,22.987
67.87606926303124,22.987
67.89618917298503,22.987
67.91647208400536,22.987
67.93678274098784,22.987
67.95702546299435,22.987
67.97726085898466,22.987
67.99740485002985,22.987
68.01761683501536,22.987
68.03781897900626,22.987
68.0580578080262,22.987
68.07817415799946,22.987
68.09829364501638,22.987
68.11854648101144,22.987
68.13874631398357,22.987
68.1589425940183,22.987
68.1791695469874,22.987
68.19928836403415,22.987
68.21957078902051,22.987
68.23981828603428,22.987
68.26006657502148,22.987
68.28026474302169,22.987
68.30038289702497,22.987
68.32066145900171,22.987
68.340899384988,22.987
68.36118102999171,22.987
68.38141476199962,22.987
68.40165856201202,22.987
68.42198923800606,22.987
68.44229607802117,22.987
68.46254809002858,22.987
68.48279496101895,22.987
68.50308255199343,22.987
68.52337011601776,22.987
68.54361949703889,22.987
68.56388034200063,22.987
68.58411182300188,22.987
68.60423176002223,22.987
68.6243737610057,22.947
68.64460175199201,22.947
68.66484005498933,22.947
68.68506520299707,22.947
68.70529460301623,22.947
68.72556557302596,22.947
68.74575798300793,22.947
68.76595563901355,22.947
68.78615160100162,22.947
68.80637842102442,22.947
68.82665396400262,22.947
68.84695071302122,22.947
68.86721350403968,22.947
68.88746923202416,22.947
68.90777618798893,22.947
68.92811713099945,22.947
68.9484237380093,22.947
68.96871623303741,22.947
68.98893556499388,22.947
69.00914934801403,22.947
69.02935413102387,22.947
69.04959099198459,22.947
69.0698006930179,22.947
69.09008815902052,22.947
69.11037920298986,22.947
69.13070467900252,22.947
69.15101210103603,22.947
69.17118243203731,22.947
69.19141908799065,22.947
69.21172339003533,22.947
69.23196746502072,22.947
69.25246609799797,22.947
69.27275840798393,22.947
69.29297110298648,22.947
69.3132437490276,22.947
69.3334809220396,22.947
69.35372135101352,22.947
69.37396430200897,22.947
69.39420705102384,22.947
69.41442486701999,22.947
69.43469481199281,22.947
69.45500205998542,22.947
69.47525815403787,22.947
69.49548754503485,22.947
69.51580718701007,22.947
69.53607741399901,22.947
69.55621716100723,22.947
69.57643295399612,22.947
69.59656327503035,22.947
69.6168020570185,22.984
69.63709970802302,22.984
69.65740626101615,22.984
69.67771609901683,22.984
69.69796380598564,22.984
69.71826607803814,22.984
69.73854897700949,22.984
69.7587868309929,22.984
69.77909185003955,22.984
69.79933942598291,22.984
69.81961374101229,22.984
69.83992875099648,22.984
69.86024914501468,22.984
69.88062496401835,22.984
69.90091250702972,22.984
69.92125847801799,22.984
69.94139988900861,22.984
69.96165750798536,22.984
69.98197625798639,22.984
70.00235345202964,22.984
70.02256409998517,22.984
70.0428614160046,22.984
70.06311272602761,22.984
70.0834064570372,22.984
70.10367515101098,22.984
70.12399101699702,22.984
70.14432603801833,22.984
70.16461642103968,22.984
70.18482871999731,22.984
70.20513917400967,22.984
70.22526925202692,22.984
70.24555016902741,22.984
70.26579111802857,22.984
70.28605332499137,22.984
70.30626280402066,22.984
70.32659031503135,22.984
70.34690859902184,22.984
70.36716012103716,22.984
70.3874071490136,22.984
70.40773164702114,22.984
70.4280550100375,22.984
70.44821159500862,22.984
70.46835064998595,22.984
70.48855628399178,22.984
70.50884339900222,22.984
70.52906184503809,22.984
70.54928426799597,22.984
70.56949417799478,22.984
70.58978344703792,22.984
70.610023818037,23.181
70.63018745201407,23.181
70.65050746902125,23.181
70.67080388503382,23.181
70.69106302398723,23.181
70.71130837203236,23.181
70.73143714701291,23.181
70.75167879799847,23.181
70.77196257398464,23.181
70.79227076401003,23.181
70.81265163299395,23.181
70.83299299003556,23.181
70.85332537902286,23.181
70.87363695801469,23.181
70.89399325102568,23.181
70.91427074698731,23.181
70.93456231401069,23.181
70.95480863802368,23.181
70.9750134809874,23.181
70.99526588001754,23.181
71.01556209800765,23.181
71.03585951903369,23.181
71.05612583702896,23.181
71.07646990503417,23.181
71.0967818510253,23.181
71.1170076780254,23.181
71.13732742099091,23.181
71.15760425000917,23.181
71.17785133101279,23.181
71.19810972403502,23.181
71.21844601200428,23.181
71.23857718100771,23.181
71.25872170098592,23.181
71.27897053299239,23.181
71.29927978699561,23.181
71.31954370700987,23.181
71.33987878501648,23.181
71.36015532398596,23.181
71.38041414902546,23.181
71.40074980800273,23.181
71.42109526600689,23.181
71.44141475198558,23.181
71.46171183901606,23.181
71.48198901902651,23.181
71.50231409299886,23.181
71.52261735103093,23.181
71.54286762903212,23.181
71.56312124303076,23.181
71.58340440801112,23.181
71.60375905199908,23.181
71.62401751399739,23.244
71.64432344998932,23.244
71.6646854240098,23.244
71.68495621503098,23.244
71.70524659799412,23.244
71.72549785603769,23.244
71.74583203101065,23.244
71.76616646698676,23.244
71.7864563150215,23.244
71.80676355503965,23.244
71.82701763603836,23.244
71.84736289700959,23.244
71.86764929199126,23.244
71.8878732980229,23.244
71.90814136201516,23.244
71.92843591503333,23.244
71.94872087199474,23.244
71.9690624870127,23.244
71.98939223302295,23.244
72.00964523799485,23.244
72.02995824400568,23.244
72.05022367503261,23.244
72.07055336498888,23.244
72.09085564903216,23.244
72.11113516398473,23.244
72.13148183003068,23.244
72.15179997502128,23.244
72.17210061801597,23.244
72.1924013569951,23.244
72.21269422402838,23.244
72.23298377601895,23.244
72.25330407102592,23.244
72.27343667001696,23.244
72.29364290100057,23.244
72.313933663012,23.244
72.33426031301497,23.244
72.35460335703101,23.244
72.37485357903643,23.244
72.39509256603196,23.244
72.4153930239845,23.244
72.43571516498923,23.244
72.45597062498564,23.244
72.4762903249939,23.244
72.49651464499766,23.244
72.51683841401245,23.244
72.53717093303567,23.244
72.55745823000325,23.244
72.57771960500395,23.244
72.59807305800496,23.244
72.61838239402277,23.333
72.63851711899042,23.333
72.6588064529933,23.333
72.67901760200039,23.333
72.69936953898286,23.333
72.71973475103732,23.333
72.74001287203282,23.333
72.76028892199975,23.333
72.78042479901342,23.333
72.80054149701027,23.333
72.82079117302783,23.333
72.84099286899436,23.333
72.86132824799279,23.333
72.88147122901864,23.333
72.90163010999095,23.333
72.92187239200575,23.333
72.94208471203456,23.333
72.96241353004007,23.333
72.98264307202771,23.333
73.00289367802907,23.333
73.02313937601866,23.333
73.0433885389939,23.333
73.06360761000542,23.333
73.08380487299291,23.333
73.10402924899245,23.333
73.12417368602473,23.333
73.14429552602815,23.333
73.16440781299025,23.333
73.18462210602593,23.333
73.20476215798408,23.333
73.2248682040372,23.333
73.24511378799798,23.333
73.26531097799307,23.333
73.2854269919917,23.333
73.30565747903893,23.333
73.32587815698935,23.333
73.34611953201238,23.333
73.36635532201035,23.333
73.38664168899413,23.333
73.4069264990394,23.333
73.42715648701414,23.333
73.44747022003867,23.333
73.4675912730163,23.333
73.48770960600814,23.333
73.50799988402287,23.333
73.52827757102204,23.333
73.5485594359925,23.333
73.56872457102872,23.333
73.58900244202232,23.333
73.60918462299742,23.401
73.62948666303419,23.401
73.64960110600805,23.401
73.6697029049974,23.401
73.68995564500801,23.401
73.71023148403037,23.401
73.73055170103908,23.401
73.75074114202289,23.401
73.77093538199551,23.401
73.79123089002678,23.401
73.81147282099118,23.401
73.83176862401888,23.401
73.85208151803818,23.401
73.87244933203328,23.401
73.89274470502278,23.401
73.9130949479877,23.401
73.93339671101421,23.401
73.95366099302191,23.401
73.97394979302771,23.401
73.994171747996,23.401
74.01444297499256,23.401
74.03476267302176,23.401
74.05506251601037,23.401
74.07530352700269,23.401
74.09542735602008,23.401
74.11564138898393,23.401
74.13586330600083,23.401
74.15615088003688,23.401
74.17643022100674,23.401
74.19655607000459,23.401
74.21687228302471,23.401
74.23716368700843,23.401
74.25740193098318,23.401
74.27764380502049,23.401
74.29787902499083,23.401
74.3181492810254,23.401
74.33843994699419,23.401
74.35871003003558,23.401
74.37894295802107,23.401
74.39923069102224,23.401
74.41934535600012,23.401
74.4394528560224,23.401
74.45955609402154,23.401
74.47976332099643,23.401
74.49995162902633,23.401
74.52018620102899,23.401
74.54030425299425,23.401
74.56053966202307,23.401
74.58076687500579,23.401
74.60095050599193,23.401
74.62118526402628,23.483
74.64141297899187,23.483
74.66153944499092,23.483
74.68164447200252,23.483
74.70171892899089,23.483
74.7219710869831,23.483
74.74221176299034,23.483
74.76248539501103,23.483
74.78287761902902,23.483
74.80318541300949,23.483
74.82346928399056,23.483
74.84375216002809,23.483
74.86408807703992,23.483
74.88444024603814,23.483
74.90473185101291,23.483
74.92507082002703,23.483
74.94549105700571,23.483
74.96581781801069,23.483
74.98614204803016,23.483
75.00631597399479,23.483
75.02646029304015,23.483
75.04656281502685,23.483
75.06680561299436,23.483
75.08709420502419,23.483
75.10733354301192,23.483
75.1275668820017,23.483
75.14768451498821,23.483
75.16786880802829,23.483
75.18814895203104,23.483
75.20826463302365,23.483
75.22849411302013,23.483
75.2487823870033,23.483
75.26906951202545,23.483
75.28935441299109,23.483
75.30959666799754,23.483
75.32990244601388,23.483
75.3501019430114,23.483
75.37038297700929,23.483
75.39063531102147,23.483
75.41088735702215,23.483
75.43118142301682,23.483
75.45130215899553,23.483
75.47151836403646,23.483
75.49175532598747,23.483
75.51201585301897,23.483
75.53231289202813,23.483
75.55254837998655,23.483
75.57281461398816,23.483
75.59311609301949,23.483
75.61339057900477,23.408
75.63374674000079,23.408
75.65421440103091,23.408
75.67438449600013,23.408
75.69472099101404,23.408
75.71502171602333,23.408
75.73532848100876,23.408
75.75546860101167,23.408
75.7757263550302,23.408
75.79597276903223,23.408
75.81626466603484,23.408
75.83655768603785,23.408
75.856868064031,23.408
75.87716667802306,23.408
75.89750223199371,23.408
75.91775007999968,23.408
75.93801303999498,23.408
75.9583692260203,23.408
75.97861800401006,23.408
75.99876435502665,23.408
76.01906868000515,23.408
76.0392104400089,23.408
76.05946078599663,23.408
76.07977163203759,23.408
76.10002295201411,23.408
76.12036866502604,23.408
76.14061066502472,23.408
76.16084576799767,23.408
76.18118394701742,23.408
76.20149486901937,23.408
76.22185291198548,23.408
76.24210354400566,23.408
76.26243339298526,23.408
76.28273355599958,23.408
76.30302671098616,23.408
76.32334556401474,23.408
76.34356398298405,23.408
76.36389284703182,23.408
76.38418993103551,23.408
76.40447673999006,23.408
76.424776467029,23.408
76.44501276302617,23.408
76.46532236301573,23.408
76.48564532003365,23.408
76.50591426203027,23.408
76.52620166598354,23.408
76.54648738302058,23.408
76.56681835703785,23.408
76.58710404799785,23.408
76.60737211699598,23.177
76.62769448000472,23.177
76.64795112499269,23.177
76.66810232703574,23.177
76.6883935710066,23.177
76.70873353700154,23.177
76.72892090503592,23.177
76.74925901100505,23.177
76.76958472502884,23.177
76.78994933702052,23.177
76.81029141799081,23.177
76.83059636800317,23.177
76.85090490902076,23.177
76.87120339198736,23.177
76.89155856100842,23.177
76.91185442102142,23.177
76.93218653800432,23.177
76.95244671398541,23.177
76.97273502498865,23.177
76.99298446101602,23.177
77.01326708099805,23.177
77.03357625001809,23.177
77.05382503400324,23.177
77.07408189802663,23.177
77.09429725800874,23.177
77.11456769402139,23.177
77.1348275670316,23.177
77.15509105002275,23.177
77.17538896098267,23.177
77.19570495502558,23.177
77.2159458299866,23.177
77.23623676801799,23.177
77.25653755199164,23.177
77.27690653403988,23.177
77.29717329400592,23.177
77.31746475002728,23.177
77.33787440502783,23.177
77.35823102900758,23.177
77.3785171880154,23.177
77.39883949898649,23.177
77.41912547801621,23.177
77.4394626779831,23.177
77.45980421302374,23.177
77.4799754890264,23.177
77.50024187401868,23.177
77.52038425399223,23.177
77.54067985899746,23.177
77.56099019903922,23.177
77.58130887598963,23.177
77.60159693000605,23.177
77.62184110202361,22.965
77.64216952200513,22.965
77.66244513000129,22.965
77.68276001699269,22.965
77.70301230001496,22.965
77.7233545500203,22.965
77.74366748100147,22.965
77.76398990303278,22.965
77.78440530202352,22.965
77.80475508701056,22.965
77.82507932098815,22.965
77.84522743202979,22.965
77.86557608301518,22.965
77.88570046803216,22.965
77.90595448401291,22.965
77.926275558013,22.965
77.94654197699856,22.965
77.966848511016,22.965
77.98715059302049,22.965
78.00742041302146,22.965
78.02766565600177,22.965
78.04790916002821,22.965
78.06804462603759,22.965
78.08826313802274,22.965
78.10847127903253,22.965
78.12873531400692,22.965
78.14897317800205,22.965
78.16905274800956,22.965
78.18917638598941,22.965
78.20928450900828,22.965
78.22936150903115,22.965
78.24956812802702,22.965
78.26969717303291,22.965
78.2898195310263,22.965
78.31006872601574,22.965
78.33036048000213,22.965
78.35068160103401,22.965
78.37088626099285,22.965
78.39112128101988,22.965
78.4114222979988,22.965
78.43169800098985,22.965
78.45191117603099,22.965
78.47205346199917,22.965
78.4923464260064,22.965
78.51257923903177,22.965
78.53286397201009,22.965
78.55315048003104,22.965
78.57342505303677,22.965
78.59365967899794,22.965
78.61393728299299,22.774
78.63418150803773,22.774
78.65442174999043,22.774
78.67472592002014,22.774
78.6949975870084,22.774
78.71528966201004,22.774
78.73548095102888,22.774
78.75568013900192,22.774
78.77586736803642,22.774
78.79612109303707,22.774
78.81644456402864,22.774
78.83667830203194,22.774
78.8569518509903,22.774
78.87717957602581,22.774
78.8974055229919,22.774
78.91770860401448,22.774
78.93797223700676,22.774
78.95822425500955,22.774
78.97845680400496,22.774
78.99857318401337,22.774
79.01881389302434,22.774
79.03908641502494,22.774
79.05936393101001,22.774
79.07963323098375,22.774
79.09984696703032,22.774
79.12008368200622,22.774
79.14035605703248,22.774
79.16063667199342,22.774
79.1807507040212,22.774
79.20085344498511,22.774
79.22106036898913,22.774
79.24133007699857,22.774
79.26156066299882,22.774
79.28166894800961,22.774
79.30176888400456,22.774
79.32197071699193,22.774
79.34228565800004,22.774
79.3625932050054,22.774
79.38277460000245,22.774
79.40307744499296,22.774
79.42341501300689,22.774
79.44370981003158,22.774
79.46397712099133,22.774
79.48430042603286,22.774
79.50446948601166,22.774
79.5248033439857,22.774
79.5450496780104,22.774
79.56530367600499,22.774
79.58565293299034,22.774
79.60594697803026,22.774
79.62626522901701,23.044
79.64654483902268,23.044
79.6668906310224,23.044
79.68720658501843,23.044
79.70752993802307,23.044
79.72766695602331,23.044
79.74794179102173,23.044
79.76822287298273,23.044
79.7885385589907,23.044
79.80890103901038,23.044
79.82925377204083,23.044
79.84954380302224,23.044
79.86989831901155,23.044
79.89018667000346,23.044
79.91057855298277,23.044
79.93093754403526,23.044
79.9513093160349,23.044
79.97165989503264,23.044
79.99200552602997,23.044
80.01239958102815,23.044
80.03281229001004,23.044
80.05320034100441,23.044
80.07356548000826,23.044
80.09394618001534,23.044
80.11428834300023,23.044
80.13458027498564,23.044
80.15494676801609,23.044
80.17521497100824,23.044
80.19559507502709,23.044
80.21596838103142,23.044
80.23637122800574,23.044
80.25665872602258,23.044
80.27699925098568,23.044
80.29735249903752,23.044
80.31773417501245,23.044
80.33814072998939,23.044
80.35847471101442,23.044
80.37886250001611,23.044
80.39919889403973,23.044
80.41952725499868,23.044
80.43985330598662,23.044
80.46023892203812,23.044
80.4806312849978,23.044
80.50095536600566,23.044
80.52131464303238,23.044
80.5416834159987,23.044
80.56201108603273,23.044
80.58238992799306,23.044
80.60271575901425,23.044
80.62311704602325,23.3
80.64345397002762,23.3
80.66383553098422,23.3
80.68411952501629,23.3
80.70435431803344,23.3
80.72472296503838,23.3
80.74509328498971,23.3
80.76547709101578,23.3
80.78584754798794,23.3
80.80616226303391,23.3
80.82648255402455,23.3
80.84679498599144,23.3
80.86717498098733,23.3
80.88749955198728,23.3
80.90787581301993,23.3
80.92820969002787,23.3
80.94855698599713,23.3
80.96892825403484,23.3
80.98926763603231,23.3
81.00963958603097,23.3
81.03006018802989,23.3
81.05050266103353,23.3
81.0708337710239,23.3
81.09111874800874,23.3
81.11130197398597,23.3
81.13157474598847,23.3
81.15183878398966,23.3
81.1720664940076,23.3
81.19227912701899,23.3
81.21248540602392,23.3
81.23277588799829,23.3
81.25304825103376,23.3
81.27317551901797,23.3
81.2934333460289,23.3
81.31374518299708,23.3
81.33399987098528,23.3
81.35440082103014,23.3
81.37477909500012,23.3
81.39507631998276,23.3
81.4154000520357,23.3
81.43553948804038,23.3
81.45578587503405,23.3
81.4760598760331,23.3
81.49635824101279,23.3
81.5166617379873,23.3
81.53694627102232,23.3
81.55720684700646,23.3
81.57748441002332,23.3
81.59777658199891,23.3
81.61802028102102,23.163
81.63831219798885,23.163
81.65864278003573,23.163
81.67882047803141,23.163
81.69911220303038,23.163
81.7194213970215,23.163
81.73973855399527,23.163
81.76007716701133,23.163
81.78044346399838,23.163
81.80076394800562,23.163
81.8211292210035,23.163
81.84147371200379,23.163
81.86172228702344,23.163
81.8820520840236,23.163
81.90232362301322,23.163
81.92261474899715,23.163
81.94293486903189,23.163
81.96312559698708,23.163
81.98343871702673,23.163
82.00369387102546,23.163
82.02395549003268,23.163
82.04425434803125,23.163
82.06454437901266,23.163
82.08481389901135,23.163
82.10511681099888,23.163
82.1253275910276,23.163
82.14576310303528,23.163
82.16597199899843,23.163
82.18626219202997,23.163
82.20656954299193,23.163
82.22668935899856,23.163
82.24692968599265,23.163
82.26725243200781,23.163
82.28753721702378,23.163
82.30784772103652,23.163
82.32813359098509,23.163
82.34850039100274,23.163
82.36884543800261,23.163
82.38921113102697,23.163
82.40946542099118,23.163
82.42972872802056,23.163
82.45009595801821,23.163
82.47023823700147,23.163
82.49037649400998,23.163
82.51069407502655,23.163
82.53100470703794,23.163
82.55127882701345,23.163
82.57158044999233,23.163
82.59188982500928,23.163
82.61219505802728,23.008
82.6324838430155,23.008
82.65279992902651,23.008
82.67312733299332,23.008
82.69341603398789,23.008
82.71371934103081,23.008
82.73397322400706,23.008
82.75425896799425,23.008
82.77454967802623,23.008
82.79484100401169,23.008
82.81509122403804,23.008
82.83540274901316,23.008
82.85566780902445,23.008
82.87592025700724,23.008
82.8961660490022,23.008
82.91647833102616,23.008
82.93681236502016,23.008
82.95711379800923,23.008
82.97731863701483,23.008
82.99753317801515,23.008
83.01773912500357,23.008
83.03794730803929,23.008
83.05819377902662,23.008
83.07840065803612,23.008
83.09861739503685,23.008
83.11886864801636,23.008
83.13916492299177,23.008
83.15937235398451,23.008
83.17957153503085,23.008
83.19977070303867,23.008
83.21989486500388,23.008
83.24015697499271,23.008
83.26047764002578,23.008
83.28072757902555,23.008
83.30101086501963,23.008
83.32126198103651,23.008
83.34155304403976,23.008
83.36188318999484,23.008
83.38218979700468,23.008
83.40250470599858,23.008
83.42278624203755,23.008
83.44308702403214,23.008
83.46339720702963,23.008
83.4836403229856,23.008
83.50390059902566,23.008
83.52419701399049,23.008
83.54442317102803,23.008
83.56470156402793,23.008
83.58499893901171,23.008
83.6052472970332,23.008
83.62536498100962,22.87
83.64558780001244,22.87
83.66577989503276,22.87
83.68601596500957,22.87
83.7062688540318,22.87
83.72655299399048,22.87
83.74666484503541,22.87
83.76676932099508,22.87
83.7870253759902,22.87
83.80731878703227,22.87
83.82764631701866,22.87
83.84792106499663,22.87
83.86824970802991,22.87
83.8885367490002,22.87
83.90882835700177,22.87
83.92911236698274,22.87
83.94936503103236,22.87
83.96966708201217,22.87
83.98997126199538,22.87
84.01024111203151,22.87
84.03051597403828,22.87
84.05077437101863,22.87
84.07109691598453,22.87
84.09139824600425,22.87
84.11170091800159,22.87
84.13199885800714,22.87
84.15232023998396,22.87
84.17261321801925,22.87
84.19275494402973,22.87
84.21307543601142,22.87
84.23337666201405,22.87
84.25366228603525,22.87
84.27379760699114,22.87
84.29405451199273,22.87
84.31430258601904,22.87
84.33462666301057,22.87
84.3549266300397,22.87
84.37523479800439,22.87
84.39547863899497,22.87
84.41577914403751,22.87
84.43608570203651,22.87
84.4563323680195,22.87
84.47657539602369,22.87
84.49678110098466,22.87
84.5169834929984,22.87
84.53715033602202,22.87
84.55744013102958,22.87
84.57772838702658,22.87
84.59797382703982,22.87
84.61829314002534,22.839
84.63858601002721,22.839
84.65888437599642,22.839
84.67914252501214,22.839
84.6994517770363,22.839
84.71969350200379,22.839
84.73993932100711,22.839
84.76023212901782,22.839
84.78051656100433,22.839
84.8008376150392,22.839
84.82117137202295,22.839
84.84143319400027,22.839
84.86173197999597,22.839
84.88207312102895,22.839
84.90233167703263,22.839
84.92262801300967,22.839
84.94285957200918,22.839
84.96317726001143,22.839
84.98343750898493,22.839
85.0037682580296,22.839
85.02407672803383,22.839
85.04433635802707,22.839
85.06459482503124,22.839
85.08489369001472,22.839
85.10514620202594,22.839
85.12540733802598,22.839
85.14556587999687,22.839
85.16584167000838,22.839
85.18607835302828,22.839
85.20629042503424,22.839
85.22657894704025,22.839
85.24683473503683,22.839
85.26716824498726,22.839
85.28730405803071,22.839
85.30761020502541,22.839
85.32789863599464,22.839
85.34821414900944,22.839
85.36858286103234,22.839
85.38887575699482,22.839
85.40916266100248,22.839
85.42949855502229,22.839
85.44980708998628,22.839
85.47019312699558,22.839
85.4904070830089,22.839
85.51069602300413,22.839
85.53089642501436,22.839
85.55120079498738,22.839
85.57145101804053,22.839
85.5917579359957,22.839
85.6119941379875,23.04
85.6322302580229,23.04
85.65251726302085,23.04
85.67276130901882,23.04
85.69299772201339,23.04
85.71336143900407,23.04
85.73365298798308,23.04
85.75398173299618,23.04
85.77431335503934,23.04
85.79455648799194,23.04
85.81480484601343,23.04
85.83506846800447,23.04
85.8553041050327,23.04
85.87559043301735,23.04
85.89583501999732,23.04
85.91607979603577,23.04
85.93636039103149,23.04
85.95661574602127,23.04
85.97695215698332,23.04
85.99719136103522,23.04
86.01740912202513,23.04
86.03761778300395,23.04
86.05787547299406,23.04
86.07812133402331,23.04
86.09847888501827,23.04
86.11860951501876,23.04
86.13892582902918,23.04
86.15922797500389,23.04
86.17948503803927,23.04
86.1997546509956,23.04
86.22007116599707,23.04
86.24036953499308,23.04
86.26065420603845,23.04
86.28093783999793,23.04
86.30125271104043,23.04
86.32157570903655,23.04
86.34182954602875,23.04
86.3621176740271,23.04
86.38243166101165,23.04
86.40273127600085,23.04
86.42301535903243,23.04
86.44336907798424,23.04
86.46368728001835,23.04
86.48400996002601,23.04
86.50423213699833,23.04
86.52441123203607,23.04
86.54456912499154,23.04
86.56480986101087,23.04
86.58509564300766,23.04
86.60537363099866,23.04
86.62567011802457,22.945
86.64600043499377,22.945
86.66636158403708,22.945
86.68664708302822,22.945
86.70692844700534,22.945
86.72723212500568,22.945
86.74742008000612,22.945
86.76759041601326,22.945
86.78783831303008,22.945
86.80814956099493,22.945
86.82849698100472,22.945
86.84878459700849,22.945
86.86910128302407,22.945
86.88951064302819,22.945
86.90981715801172,22.945
86.93016061501112,22.945
86.95040899899323,22.945
86.97066668199841,22.945
86.99088813201524,22.945
87.01114710001275,22.945
87.03144576703198,22.945
87.0517412830377,22.945
87.07200672698673,22.945
87.09227565198671,22.945
87.11253680899972,22.945
87.1327977880137,22.945
87.15311209799256,22.945
87.17344470898388,22.945
87.19370261504082,22.945
87.21391053299885,22.945
87.23416991101112,22.945
87.25442648900207,22.945
87.27458725403994,22.945
87.29483525501564,22.945
87.31514182803221,22.945
87.33539993601153,22.945
87.35571592900669,22.945
87.37596557103097,22.945
87.39627947699046,22.945
87.41652335500112,22.945
87.43676778202644,22.945
87.45708202803507,22.945
87.47737634700025,22.945
87.49761701602256,22.945
87.51793199899839,22.945
87.53825694101397,22.945
87.55864949000534,22.945
87.57895488198847,22.945
87.5993677439983,22.945
87.61970637302147,22.499
87.64010021503782,22.499
87.66040548501769,22.499
87.68070527701639,22.499
87.70102176698856,22.499
87.72143862803932,22.499
87.74181353102904,22.499
87.76210056402488,22.499
87.78242494503502,22.499
87.80271874903701,22.499
87.8230721130385,22.499
87.84334338200279,22.499
87.86369401303818,22.499
87.88396914803889,22.499
87.9041874530376,22.499
87.92447955202078,22.499
87.9447760549956,22.499
87.96506660903106,22.499
87.98538146400824,22.499
88.00569110101787,22.499
88.02598181599751,22.499
88.04631297499873,22.499
88.06643897801405,22.499
88.0866432270268,22.499
88.10699103702791,22.499
88.12732165702619,22.499
88.14756597601809,22.499
88.16781133401673,22.499
88.1880729640252,22.499
88.20840667403536,22.499
88.22873228101525,22.499
88.24900924798567,22.499
88.269211336039,22.499
88.28941494598985,22.499
88.3096320820041,22.499
88.32993284601253,22.499
88.35021453700028,22.499
88.37045895401388,22.499
88.39075914002024,22.499
88.41100966499653,22.499
88.43128216802143,22.499
88.45153913798276,22.499
88.47181165101938,22.499
88.49210840603337,22.499
88.51244163099909,22.499
88.53273021202767,22.499
88.55307060899213,22.499
88.5733184000128,22.499
88.59356053802185,22.499
88.61383751698304,22.206
88.63424008700531,22.206
88.65445240301779,22.206
88.6746511880192,22.206
88.69493088702438,22.206
88.71531413000776,22.206
88.73555654799566,22.206
88.75576907402137,22.206
88.77598190901335,22.206
88.79633556999033,22.206
88.81667339801788,22.206
88.83697751600994,22.206
88.85732803901192,22.206
88.8776771830162,22.206
88.8980752780335,22.206
88.91826037399005,22.206
88.93860216200119,22.206
88.95880583202234,22.206
88.97909654502291,22.206
88.99936291400809,22.206
89.01970392902149,22.206
89.03994268301176,22.206
89.06007211003453,22.206
89.08032530901255,22.206
89.10062172799371,22.206
89.1209312340361,22.206
89.1411871680175,22.206
89.16149237100035,22.206
89.18180397700053,22.206
89.20202175603481,22.206
89.22229414799949,22.206
89.24254339002073,22.206
89.26286008901661,22.206
89.28306877700379,22.206
89.30333983502351,22.206
89.32366347801872,22.206
89.34386224398622,22.206
89.36411467200378,22.206
89.38436075398931,22.206
89.40465268300613,22.206
89.42490375303896,22.206
89.44514216703828,22.206
89.46544718503719,22.206
89.48573755903635,22.206
89.50606912298827,22.206
89.52627127902815,22.206
89.54647215199657,22.206
89.56671882903902,22.206
89.5870114560239,22.206
89.60732092300896,22.206
89.62755951099098,22.303
89.64781634602696,22.303
89.66801831801422,22.303
89.68824182299431,22.303
89.70854039903497,22.303
89.72878678602865,22.303
89.74902467103675,22.303
89.76933500001905,22.303
89.78961725102272,22.303
89.80990506801754,22.303
89.83014616899891,22.303
89.85044584801653,22.303
89.87069856602466,22.303
89.89094740699511,22.303
89.91118647099938,22.303
89.93146811699262,22.303
89.95174874801887,22.303
89.97207318001892,22.303
89.9923249320127,22.303
90.01247802603757,22.303
90.03260052599944,22.303
90.05284387699794,22.303
90.07312278402969,22.303
90.09341329499148,22.303
90.11372647999087,22.303
90.13399596902309,22.303
90.15435231098672,22.303
90.17465228302171,22.303
90.1948788560112,22.303
90.21521352400305,22.303
90.23546638898551,22.303
90.25573022500612,22.303
90.27606435999041,22.303
90.29619615100091,22.303
90.31648637203034,22.303
90.3367794730002,22.303
90.3570258890395,22.303
90.37724509899272,22.303
90.39748056599637,22.303
90.41776051500347,22.303
90.43807673902484,22.303
90.45822211302584,22.303
90.47832849703263,22.303
90.49853443802567,22.303
90.51882732199738,22.303
90.53908460802631,22.303
90.55932554998435,22.303
90.57958238600986,22.303
90.59988893399714,22.303
90.62018259399338,22.507
90.64049003901891,22.507
90.66075858403929,22.507
90.68110922601772,22.507
90.70148847001838,22.507
90.72187768400181,22.507
90.74227304302622,22.507
90.76265856501414,22.507
90.78290157602169,22.507
90.80306973599363,22.507
90.82341250602622,22.507
90.8437187790405,22.507
90.8640858650324,22.507
90.8843429700355,22.507
90.90465764101828,22.507
90.92491375398822,22.507
90.94521590898512,22.507
90.96547069301596,22.507
90.98580027802382,22.507
91.0061145380023,22.507
91.02637499500997,22.507
91.04653354699258,22.507
91.06683626503218,22.507
91.08712549699703,22.507
91.10729259403888,22.507
91.12758674402721,22.36
91.1478351019905,22.36
91.16808048903476,22.36
91.18830139399506,22.36
91.20862279902212,22.36
91.2289042850025,22.36
91.2492257230333,22.36
91.26955287199235,22.36
91.28987555898493,22.36
91.31013486901065,22.36
91.33038934599608,22.36
91.35064378898824,22.36
91.37092668801779,22.36
91.39119956502691,22.36
91.41148762399098,22.36
91.43177100399043,22.36
91.4520763810142,22.36
91.4721999670146,22.36
91.4925091380137,22.36
91.5128025560407,22.36
91.53311962500447,22.36
91.55336163903121,22.36
91.57356928603258,22.36
91.59386211598758,22.36
91.61411164101446,22.36
91.63440466398606,22.36
91.65465439803666,22.36
91.67489920300432,22.36
91.69513633003226,22.36
91.71539502701489,22.36
91.73567969101714,22.36
91.75592288700864,22.36
91.77621184301097,22.36
91.79635914700339,22.36
91.81662143900758,22.36
91.8369935299852,22.36
91.85725742799696,22.36
91.87754727998981,22.36
91.89784896903438,22.36
91.91811533900909,22.36
91.93839843699243,22.36
91.95852483599447,22.36
91.97876525699394,22.36
91.99908201600192,22.36
92.01940735802054,22.36
92.03968751302455,22.36
92.05992110702209,22.36
92.08022325503407,22.36
92.10048672603443,22.36
92.12076061201515,22.363
92.14099209103733,22.363
92.16127564501949,22.363
92.18156458501471,22.363
92.20181062002666,22.363
92.22209587099496,22.363
92.24235449399566,22.363
92.26261019299272,22.363
92.28287175903097,22.363
92.30318351503229,22.363
92.32347018300788,22.363
92.34374097699765,22.363
92.36410661798436,22.363
92.38448148703901,22.363
92.4048331240192,22.363
92.4251912740292,22.363
92.44550501101185,22.363
92.46580276003806,22.363
92.48613891098648,22.363
92.506303637987,22.363
92.52656775899231,22.363
92.54683010303415,22.363
92.56717512902105,22.363
92.58749622403411,22.363
92.60776665998856,22.363
92.62812768400181,22.363
92.64842121698894,22.363
92.66874199500307,22.363
92.68901444599032,22.363
92.70934590802062,22.363
92.72971128602512,22.363
92.7500708620064,22.363
92.77033661300084,22.363
92.79062336700736,22.363
92.81104576203506,22.363
92.83133247803198,22.363
92.85158898303052,22.363
92.87188247701852,22.363
92.89219073898857,22.363
92.91243854101049,22.363
92.93274360900978,22.363
92.95304917002795,22.363
92.97335544298403,22.363
92.99355503299739,22.363
93.01380190398777,22.363
93.0340827840264,22.363
93.05432316998485,22.363
93.07451643998502,22.363
93.09472241200274,22.363
93.11496231803903,22.665
93.13524851499824,22.665
93.15548852301436,22.665
93.1757058930234,22.665
93.19591315998696,22.665
93.21612517099129,22.665
93.23641165602021,22.665
93.25672580301762,22.665
93.27695707202656,22.665
93.29726193501847,22.665
93.31755737302592,22.665
93.33786903100554,22.665
93.35817191703245,22.665
93.37843778199749,22.665
93.39870911103208,22.665
93.41900832700776,22.665
93.43936579802539,22.665
93.45963111700257,22.665
93.47986226301873,22.665
93.5000714790076,22.665
93.52030042302795,22.665
93.5404313619947,22.665
93.56073479203042,22.665
93.58106596302241,22.665
93.60135504900245,22.665
93.62160005699843,22.665
93.64180556498468,22.665
93.6621161759831,22.665
93.6824290950317,22.665
93.70267321402207,22.665
93.72294156998396,22.665
93.74322030198528,22.665
93.76345405000029,22.665
93.7837008049828,22.665
93.80399570398731,22.665
93.82429918303387,22.665
93.84457705903333,22.665
93.86487889802083,22.665
93.8851361220004,22.665
93.90545384399593,22.665
93.92576112103416,22.665
93.94608881801832,22.665
93.96634554601042,22.665
93.98669628798962,22.665
94.00699804502074,22.665
94.02731594501529,22.665
94.04763751098653,22.665
94.06791827798588,22.665
94.08816837100312,22.665
94.1084432899952,22.693
94.12875584501307,22.693
94.14907604601467,22.693
94.16929040203104,22.693
94.18950572801987,22.693
94.20972052199068,22.693
94.23000491602579,22.693
94.2503251809976,22.693
94.27045254601398,22.693
94.29077101498842,22.693
94.3110587800038,22.693
94.33139190403745,22.693
94.35170601203572,22.693
94.37207921402296,22.693
94.39239141100552,22.693
94.41268019401468,22.693
94.4329300050158,22.693
94.45322416198906,22.693
94.47343620401807,22.693
94.49356742401142,22.693
94.51371080899844,22.693
94.53388445999008,22.693
94.55407740100054,22.693
94.57426622201456,22.693
94.59453550603939,22.693
94.6147579360404,22.693
94.63498508703196,22.693
94.65522038098425,22.693
94.67534501600312,22.693
94.69545812899014,22.693
94.7155425400124,22.693
94.73573093902087,22.693
94.75593185803154,22.693
94.77621580701089,22.693
94.79646211699583,22.693
94.8167663399945,22.693
94.83688727102708,22.693
94.85718172602355,22.693
94.87738940003328,22.693
94.89769076899393,22.693
94.9179213460302,22.693
94.93816197098931,22.693
94.95846100203926,22.693
94.97878329298692,22.693
94.99910017300863,22.693
95.01930548099335,22.693
95.03954056202201,22.693
95.05978735402459,22.693
95.08055537298787,22.693
95.10084352298873,22.693
95.12108493200503,22.387
95.14138512703357,22.387
95.16151130903745,22.387
95.18164410302415,22.387
95.20190091402037,22.387
95.22213679901324,22.387
95.2423359079985,22.387
95.26259929098887,22.387
95.2828019480221,22.387
95.30309724900872,22.387
95.32338711200282,22.387
95.34366646100534,22.387
95.3639509200002,22.387
95.38423845102079,22.387
95.40459050203208,22.387
95.4249218670302,22.387
95.44529479503399,22.387
95.46548069198616,22.387
95.48579876200529,22.387
95.50604348903289,22.387
95.52627269801451,22.387
95.54658415704034,22.387
95.56688738201046,22.387
95.58714362501632,22.387
95.60745091299759,22.387
95.62765662500169,22.387
95.6478753160336,22.387
95.66809257300338,22.387
95.68827901099576,22.387
95.70848185301293,22.387
95.72872949903831,22.387
95.74905350100016,22.387
95.7693028729991,22.387
95.78960672399262,22.387
95.80995312798768,22.387
95.83021523000207,22.387
95.85048638499575,22.387
95.87077881599544,22.387
95.89110693201656,22.387
95.91141285502817,22.387
95.93156194302719,22.387
95.95181786001194,22.387
95.97205186501378,22.387
95.99234066304052,22.387
96.01258487201994,22.387
96.0329130400205,22.387
96.05316935799783,22.387
96.07345205399906,22.387
96.09372451802483,22.387
96.1140237590298,22.159
96.13434469501954,22.159
96.15467534802156,22.159
96.17496990202926,22.159
96.19523037399631,22.159
96.2154653770267,22.159
96.23560982302297,22.159
96.25585530500393,22.159
96.27611510403221,22.159
96.29642450599931,22.159
96.31669450603658,22.159
96.33710121701006,22.159
96.35742799198488,22.159
96.37773459998425,22.159
96.39798146201065,22.159
96.41823535703588,22.159
96.43856658699224,22.159
96.45885166601511,22.159
96.47920682799304,22.159
96.49948981701164,22.159
96.51975417300127,22.159
96.54000728501705,22.159
96.56034435500624,22.159
96.58058778301347,22.159
96.60087256703991,22.159
96.62115289503708,22.159
96.64144003600813,22.159
96.66178607899928,22.159
96.68211303302087,22.159
96.70242015901022,22.159
96.7227085600025,22.159
96.7429937539855,22.159
96.76328022702364,22.159
96.78358260501409,22.159
96.80382809299044,22.159
96.82407455303473,22.159
96.84420955000678,22.159
96.86434671399184,22.159
96.88460427400423,22.159
96.90485782403266,22.159
96.92510778398719,22.159
96.94543252501171,22.159
96.96558919403469,22.159
96.98591728002066,22.159
97.0061914420221,22.159
97.02648143598344,22.159
97.04680338903563,22.159
97.06700943800388,22.159
97.08717535703909,22.159
97.10744657198666,22.159
97.12774000799982,22.205
97.14807346701855,22.205
97.16834634303814,22.205
97.18865340901539,22.205
97.20897926803445,22.205
97.22931610199157,22.205
97.2494492920232,22.205
97.2695740479976,22.205
97.28987209801562,22.205
97.31016111199278,22.205
97.33040093403542,22.205
97.35071496199816,22.205
97.37102403398603,22.205
97.39137016702443,22.205
97.41166300699115,22.205
97.43198619800387,22.205
97.45232229499379,22.205
97.47265006101225,22.205
97.49294319999171,22.205
97.51316651899833,22.205
97.53348776401253,22.205
97.55373588699149,22.205
97.57407357002376,22.205
97.5943950060173,22.205
97.61465731798671,22.205
97.63498263002839,22.205
97.65528812201228,22.205
97.67554664501222,22.205
97.69568428699858,22.205
97.7159786199918,22.205
97.73632927500876,22.205
97.7566311120172,22.205
97.77695972600486,22.205
97.79723054199712,22.205
97.81738166802097,22.205
97.83773513999768,22.205
97.85806531400885,22.205
97.87836547702318,22.205
97.89867460698588,22.205
97.91888195398496,22.205
97.93917205999605,22.205
97.9594185820315,22.205
97.97966079902835,22.205
97.99991347501054,22.205
98.02012850902975,22.205
98.040366886009,22.205
98.0605780580081,22.205
98.08077290799702,22.205
98.1008843210293,22.205
98.1211283809971,22.168
98.14135532500222,22.168
98.1616608510376,22.168
98.18193642701954,22.168
98.20222301199101,22.168
98.22247671999503,22.168
98.24277582502691,22.168
98.26311638602056,22.168
98.28346356499242,22.168
98.30371626798296,22.168
98.32393465499626,22.168
98.34421611699509,22.168
98.3644813830033,22.168
98.38476600899594,22.168
98.40506700600963,22.168
98.42535357398447,22.168
98.44559031998506,22.168
98.46578839200083,22.168
98.48593189398525,22.168
98.50624428602168,22.168
98.52647953003179,22.168
98.54660793900257,22.168
98.56680821202463,22.168
98.5870992540149,22.168
98.60725025599822,22.168
98.62746393703856,22.168
98.64759674598463,22.168
98.66786144202342,22.168
98.68810894299531,22.168
98.7083444520249,22.168
98.72847817302682,22.168
98.74861701100599,22.168
98.76872062298935,22.168
98.78892143402481,22.168
98.8090597789851,22.168
98.82925392501056,22.168
98.849555881985,22.168
98.86978462600382,22.168
98.89007061603479,22.168
98.9103018870228,22.168
98.93059817299945,22.168
98.95083357801195,22.168
98.971111735038,22.168
98.99122904601973,22.168
99.01145326002734,22.168
99.03164239303442,22.168
99.05195463303244,22.168
99.07213886198588,22.168
99.09230488003232,22.168
99.11257423600182,22.058
99.13287304603728,22.058
99.15311697399011,22.058
99.17339602601714,22.058
99.19357472000411,22.058
99.213893785025,22.058
99.23414076201152,22.058
99.25440566998441,22.058
99.27463249699213,22.058
99.29483952600276,22.058
99.31513370503671,22.058
99.33542343002046,22.058
99.35569658799795,22.058
99.37601332704071,22.058
99.39633379603038,22.058
99.41657634900184,22.058
99.4368760540383,22.058
99.45718282001326,22.058
99.47742722503608,22.058
99.49769536801614,22.058
99.51796564401593,22.058
99.53822476102505,22.058
99.5584679620224,22.058
99.57872549298918,22.058
99.59908987098606,22.058
99.61937939899508,22.058
99.63970098900609,22.058
99.66005203203531,22.058
99.68019266199553,22.058
99.70033708499977,22.058
99.72053058398888,22.058
99.74070955003845,22.058
99.7609167569899,22.058
99.78117240598658,22.058
99.80151232902426,22.058
99.82175298401853,22.058
99.84206432203064,22.058
99.8623597919941,22.058
99.88264514598995,22.058
99.90289456403116,22.058
99.92321616102709,22.058
99.94355128903408,22.058
99.96391041600145,22.058
99.98419598198961,22.058
